ano,mes,secao,tipico,mov,n
2023,1,A,False,adm,983
2023,1,A,False,deslig,1053
2023,1,A,True,adm,15149
2023,1,A,True,deslig,15682
2023,1,B,False,adm,24
2023,1,B,False,deslig,14
2023,1,B,True,adm,263
2023,1,B,True,deslig,311
2023,1,C,False,adm,10372
2023,1,C,False,deslig,3198
2023,1,C,True,adm,68009
2023,1,C,True,deslig,58129
2023,1,D,False,adm,14
2023,1,D,False,deslig,14
2023,1,D,True,adm,291
2023,1,D,True,deslig,269
2023,1,E,False,adm,66
2023,1,E,False,deslig,66
2023,1,E,True,adm,2700
2023,1,E,True,deslig,2082
2023,1,F,False,adm,2622
2023,1,F,False,deslig,1738
2023,1,F,True,adm,54905
2023,1,F,True,deslig,40515
2023,1,G,False,adm,4186
2023,1,G,False,deslig,5468
2023,1,G,True,adm,101631
2023,1,G,True,deslig,117950
2023,1,H,False,adm,1455
2023,1,H,False,deslig,1630
2023,1,H,True,adm,25154
2023,1,H,True,deslig,25523
2023,1,I,False,adm,1451
2023,1,I,False,deslig,2090
2023,1,I,True,adm,31141
2023,1,I,True,deslig,33169
2023,1,J,False,adm,854
2023,1,J,False,deslig,880
2023,1,J,True,adm,12352
2023,1,J,True,deslig,12761
2023,1,K,False,adm,669
2023,1,K,False,deslig,780
2023,1,K,True,adm,8932
2023,1,K,True,deslig,8099
2023,1,L,False,adm,46
2023,1,L,False,deslig,53
2023,1,L,True,adm,1859
2023,1,L,True,deslig,1910
2023,1,M,False,adm,1387
2023,1,M,False,deslig,1220
2023,1,M,True,adm,22619
2023,1,M,True,deslig,18855
2023,1,N,False,adm,50685
2023,1,N,False,deslig,58353
2023,1,N,True,adm,85504
2023,1,N,True,deslig,85272
2023,1,O,False,adm,1172
2023,1,O,False,deslig,1121
2023,1,O,True,adm,1623
2023,1,O,True,deslig,1818
2023,1,P,False,adm,8493
2023,1,P,False,deslig,5204
2023,1,P,True,adm,14364
2023,1,P,True,deslig,11394
2023,1,Q,False,adm,5081
2023,1,Q,False,deslig,4765
2023,1,Q,True,adm,21704
2023,1,Q,True,deslig,19599
2023,1,R,False,adm,861
2023,1,R,False,deslig,760
2023,1,R,True,adm,2899
2023,1,R,True,deslig,2223
2023,1,S,False,adm,2533
2023,1,S,False,deslig,2755
2023,1,S,True,adm,8927
2023,1,S,True,deslig,7694
2023,1,T,False,adm,2
2023,1,T,False,deslig,8
2023,1,T,True,adm,7
2023,1,T,True,deslig,11
2023,1,U,True,adm,5
2023,1,U,True,deslig,11
2023,2,A,False,adm,1358
2023,2,A,False,deslig,790
2023,2,A,True,adm,16127
2023,2,A,True,deslig,17595
2023,2,B,False,adm,18
2023,2,B,False,deslig,6
2023,2,B,True,adm,303
2023,2,B,True,deslig,343
2023,2,C,False,adm,5632
2023,2,C,False,deslig,3319
2023,2,C,True,adm,67871
2023,2,C,True,deslig,62610
2023,2,D,False,adm,16
2023,2,D,False,deslig,14
2023,2,D,True,adm,349
2023,2,D,True,deslig,248
2023,2,E,False,adm,211
2023,2,E,False,deslig,87
2023,2,E,True,adm,2810
2023,2,E,True,deslig,2277
2023,2,F,False,adm,2080
2023,2,F,False,deslig,1675
2023,2,F,True,adm,47883
2023,2,F,True,deslig,41951
2023,2,G,False,adm,5768
2023,2,G,False,deslig,5182
2023,2,G,True,adm,111660
2023,2,G,True,deslig,110229
2023,2,H,False,adm,2522
2023,2,H,False,deslig,1463
2023,2,H,True,adm,31706
2023,2,H,True,deslig,26116
2023,2,I,False,adm,3406
2023,2,I,False,deslig,1761
2023,2,I,True,adm,37041
2023,2,I,True,deslig,30948
2023,2,J,False,adm,909
2023,2,J,False,deslig,869
2023,2,J,True,adm,10223
2023,2,J,True,deslig,11669
2023,2,K,False,adm,594
2023,2,K,False,deslig,602
2023,2,K,True,adm,6873
2023,2,K,True,deslig,7696
2023,2,L,False,adm,89
2023,2,L,False,deslig,55
2023,2,L,True,adm,2009
2023,2,L,True,deslig,1930
2023,2,M,False,adm,1439
2023,2,M,False,deslig,1269
2023,2,M,True,adm,19481
2023,2,M,True,deslig,17749
2023,2,N,False,adm,44063
2023,2,N,False,deslig,46732
2023,2,N,True,adm,83760
2023,2,N,True,deslig,77819
2023,2,O,False,adm,6745
2023,2,O,False,deslig,948
2023,2,O,True,adm,2930
2023,2,O,True,deslig,1227
2023,2,P,False,adm,10179
2023,2,P,False,deslig,3540
2023,2,P,True,adm,19491
2023,2,P,True,deslig,9983
2023,2,Q,False,adm,5721
2023,2,Q,False,deslig,4941
2023,2,Q,True,adm,22710
2023,2,Q,True,deslig,20547
2023,2,R,False,adm,851
2023,2,R,False,deslig,632
2023,2,R,True,adm,2948
2023,2,R,True,deslig,2222
2023,2,S,False,adm,3534
2023,2,S,False,deslig,2484
2023,2,S,True,adm,10515
2023,2,S,True,deslig,7427
2023,2,T,False,deslig,2
2023,2,T,True,adm,7
2023,2,T,True,deslig,6
2023,2,U,False,adm,1
2023,2,U,True,adm,9
2023,2,U,True,deslig,2
2023,3,A,False,adm,2271
2023,3,A,False,deslig,911
2023,3,A,True,adm,19234
2023,3,A,True,deslig,20659
2023,3,B,False,adm,16
2023,3,B,False,deslig,16
2023,3,B,True,adm,412
2023,3,B,True,deslig,357
2023,3,C,False,adm,4928
2023,3,C,False,deslig,3647
2023,3,C,True,adm,78907
2023,3,C,True,deslig,74517
2023,3,D,False,adm,10
2023,3,D,False,deslig,20
2023,3,D,True,adm,351
2023,3,D,True,deslig,253
2023,3,E,False,adm,105
2023,3,E,False,deslig,97
2023,3,E,True,adm,3077
2023,3,E,True,deslig,2950
2023,3,F,False,adm,3022
2023,3,F,False,deslig,2485
2023,3,F,True,adm,55775
2023,3,F,True,deslig,47602
2023,3,G,False,adm,6035
2023,3,G,False,deslig,6898
2023,3,G,True,adm,126299
2023,3,G,True,deslig,125725
2023,3,H,False,adm,2017
2023,3,H,False,deslig,1646
2023,3,H,True,adm,37364
2023,3,H,True,deslig,27622
2023,3,I,False,adm,2590
2023,3,I,False,deslig,2430
2023,3,I,True,adm,38841
2023,3,I,True,deslig,36606
2023,3,J,False,adm,763
2023,3,J,False,deslig,955
2023,3,J,True,adm,11892
2023,3,J,True,deslig,12594
2023,3,K,False,adm,576
2023,3,K,False,deslig,697
2023,3,K,True,adm,8139
2023,3,K,True,deslig,8744
2023,3,L,False,adm,61
2023,3,L,False,deslig,79
2023,3,L,True,adm,2314
2023,3,L,True,deslig,2160
2023,3,M,False,adm,2491
2023,3,M,False,deslig,1497
2023,3,M,True,adm,22546
2023,3,M,True,deslig,21868
2023,3,N,False,adm,59325
2023,3,N,False,deslig,54446
2023,3,N,True,adm,97140
2023,3,N,True,deslig,93855
2023,3,O,False,adm,3446
2023,3,O,False,deslig,1029
2023,3,O,True,adm,2490
2023,3,O,True,deslig,1212
2023,3,P,False,adm,5497
2023,3,P,False,deslig,3465
2023,3,P,True,adm,15265
2023,3,P,True,deslig,12472
2023,3,Q,False,adm,5986
2023,3,Q,False,deslig,5308
2023,3,Q,True,adm,26402
2023,3,Q,True,deslig,22467
2023,3,R,False,adm,995
2023,3,R,False,deslig,956
2023,3,R,True,adm,3116
2023,3,R,True,deslig,2855
2023,3,S,False,adm,3625
2023,3,S,False,deslig,2489
2023,3,S,True,adm,11289
2023,3,S,True,deslig,9401
2023,3,T,False,deslig,1
2023,3,T,True,adm,16
2023,3,T,True,deslig,10
2023,3,U,False,adm,1
2023,3,U,True,adm,10
2023,3,U,True,deslig,10
2023,4,A,False,adm,1685
2023,4,A,False,deslig,899
2023,4,A,True,adm,19416
2023,4,A,True,deslig,16351
2023,4,B,False,adm,23
2023,4,B,False,deslig,6
2023,4,B,True,adm,339
2023,4,B,True,deslig,268
2023,4,C,False,adm,4550
2023,4,C,False,deslig,3099
2023,4,C,True,adm,70376
2023,4,C,True,deslig,62763
2023,4,D,False,adm,15
2023,4,D,False,deslig,14
2023,4,D,True,adm,419
2023,4,D,True,deslig,267
2023,4,E,False,adm,59
2023,4,E,False,deslig,60
2023,4,E,True,adm,2531
2023,4,E,True,deslig,2495
2023,4,F,False,adm,2398
2023,4,F,False,deslig,2010
2023,4,F,True,adm,46389
2023,4,F,True,deslig,40091
2023,4,G,False,adm,6029
2023,4,G,False,deslig,4781
2023,4,G,True,adm,112469
2023,4,G,True,deslig,106294
2023,4,H,False,adm,2064
2023,4,H,False,deslig,1785
2023,4,H,True,adm,33169
2023,4,H,True,deslig,25786
2023,4,I,False,adm,2107
2023,4,I,False,deslig,1764
2023,4,I,True,adm,34037
2023,4,I,True,deslig,31116
2023,4,J,False,adm,786
2023,4,J,False,deslig,706
2023,4,J,True,adm,11641
2023,4,J,True,deslig,11470
2023,4,K,False,adm,677
2023,4,K,False,deslig,536
2023,4,K,True,adm,7756
2023,4,K,True,deslig,8332
2023,4,L,False,adm,62
2023,4,L,False,deslig,47
2023,4,L,True,adm,1998
2023,4,L,True,deslig,1807
2023,4,M,False,adm,1291
2023,4,M,False,deslig,1347
2023,4,M,True,adm,18744
2023,4,M,True,deslig,18654
2023,4,N,False,adm,46373
2023,4,N,False,deslig,48745
2023,4,N,True,adm,86436
2023,4,N,True,deslig,80350
2023,4,O,False,adm,2394
2023,4,O,False,deslig,1009
2023,4,O,True,adm,1897
2023,4,O,True,deslig,910
2023,4,P,False,adm,3570
2023,4,P,False,deslig,2589
2023,4,P,True,adm,11923
2023,4,P,True,deslig,10234
2023,4,Q,False,adm,6041
2023,4,Q,False,deslig,4881
2023,4,Q,True,adm,24227
2023,4,Q,True,deslig,19352
2023,4,R,False,adm,790
2023,4,R,False,deslig,651
2023,4,R,True,adm,3004
2023,4,R,True,deslig,2418
2023,4,S,False,adm,2475
2023,4,S,False,deslig,2342
2023,4,S,True,adm,9259
2023,4,S,True,deslig,8146
2023,4,T,False,deslig,1
2023,4,T,True,adm,6
2023,4,T,True,deslig,16
2023,4,U,True,adm,12
2023,4,U,True,deslig,8
2023,5,A,False,adm,1097
2023,5,A,False,deslig,1558
2023,5,A,True,adm,27808
2023,5,A,True,deslig,16186
2023,5,B,False,adm,18
2023,5,B,False,deslig,9
2023,5,B,True,adm,405
2023,5,B,True,deslig,338
2023,5,C,False,adm,4316
2023,5,C,False,deslig,2917
2023,5,C,True,adm,71248
2023,5,C,True,deslig,68105
2023,5,D,False,adm,5
2023,5,D,False,deslig,17
2023,5,D,True,adm,444
2023,5,D,True,deslig,271
2023,5,E,False,adm,63
2023,5,E,False,deslig,521
2023,5,E,True,adm,2664
2023,5,E,True,deslig,2610
2023,5,F,False,adm,2233
2023,5,F,False,deslig,2047
2023,5,F,True,adm,52481
2023,5,F,True,deslig,48206
2023,5,G,False,adm,5691
2023,5,G,False,deslig,4769
2023,5,G,True,adm,118916
2023,5,G,True,deslig,114825
2023,5,H,False,adm,1989
2023,5,H,False,deslig,2033
2023,5,H,True,adm,32451
2023,5,H,True,deslig,29476
2023,5,I,False,adm,2174
2023,5,I,False,deslig,1780
2023,5,I,True,adm,34494
2023,5,I,True,deslig,33099
2023,5,J,False,adm,1075
2023,5,J,False,deslig,735
2023,5,J,True,adm,11779
2023,5,J,True,deslig,11892
2023,5,K,False,adm,714
2023,5,K,False,deslig,646
2023,5,K,True,adm,7935
2023,5,K,True,deslig,8074
2023,5,L,False,adm,69
2023,5,L,False,deslig,55
2023,5,L,True,adm,2017
2023,5,L,True,deslig,2061
2023,5,M,False,adm,1474
2023,5,M,False,deslig,1222
2023,5,M,True,adm,20133
2023,5,M,True,deslig,19914
2023,5,N,False,adm,52009
2023,5,N,False,deslig,48631
2023,5,N,True,adm,95285
2023,5,N,True,deslig,88614
2023,5,O,False,adm,1644
2023,5,O,False,deslig,924
2023,5,O,True,adm,1909
2023,5,O,True,deslig,1235
2023,5,P,False,adm,3235
2023,5,P,False,deslig,2749
2023,5,P,True,adm,13107
2023,5,P,True,deslig,10532
2023,5,Q,False,adm,5556
2023,5,Q,False,deslig,4851
2023,5,Q,True,adm,24467
2023,5,Q,True,deslig,22295
2023,5,R,False,adm,833
2023,5,R,False,deslig,666
2023,5,R,True,adm,2913
2023,5,R,True,deslig,2466
2023,5,S,False,adm,2798
2023,5,S,False,deslig,2348
2023,5,S,True,adm,9767
2023,5,S,True,deslig,8437
2023,5,T,False,deslig,1
2023,5,T,True,adm,21
2023,5,T,True,deslig,12
2023,5,U,False,deslig,2
2023,5,U,True,adm,11
2023,5,U,True,deslig,7
2023,6,A,False,adm,1306
2023,6,A,False,deslig,2317
2023,6,A,True,adm,26517
2023,6,A,True,deslig,14546
2023,6,B,False,adm,14
2023,6,B,False,deslig,15
2023,6,B,True,adm,410
2023,6,B,True,deslig,314
2023,6,C,False,adm,3906
2023,6,C,False,deslig,5455
2023,6,C,True,adm,67120
2023,6,C,True,deslig,66523
2023,6,D,False,adm,19
2023,6,D,False,deslig,57
2023,6,D,True,adm,457
2023,6,D,True,deslig,298
2023,6,E,False,adm,93
2023,6,E,False,deslig,61
2023,6,E,True,adm,2495
2023,6,E,True,deslig,2791
2023,6,F,False,adm,1818
2023,6,F,False,deslig,2457
2023,6,F,True,adm,47916
2023,6,F,True,deslig,45407
2023,6,G,False,adm,4942
2023,6,G,False,deslig,4254
2023,6,G,True,adm,117419
2023,6,G,True,deslig,113293
2023,6,H,False,adm,1840
2023,6,H,False,deslig,1797
2023,6,H,True,adm,29752
2023,6,H,True,deslig,26549
2023,6,I,False,adm,2067
2023,6,I,False,deslig,1660
2023,6,I,True,adm,34192
2023,6,I,True,deslig,30307
2023,6,J,False,adm,902
2023,6,J,False,deslig,888
2023,6,J,True,adm,11327
2023,6,J,True,deslig,12466
2023,6,K,False,adm,617
2023,6,K,False,deslig,555
2023,6,K,True,adm,7896
2023,6,K,True,deslig,7948
2023,6,L,False,adm,83
2023,6,L,False,deslig,53
2023,6,L,True,adm,1969
2023,6,L,True,deslig,1964
2023,6,M,False,adm,1316
2023,6,M,False,deslig,1309
2023,6,M,True,adm,19370
2023,6,M,True,deslig,18442
2023,6,N,False,adm,53420
2023,6,N,False,deslig,44976
2023,6,N,True,adm,88489
2023,6,N,True,deslig,84424
2023,6,O,False,adm,1003
2023,6,O,False,deslig,729
2023,6,O,True,adm,1588
2023,6,O,True,deslig,995
2023,6,P,False,adm,2227
2023,6,P,False,deslig,6051
2023,6,P,True,adm,10737
2023,6,P,True,deslig,11197
2023,6,Q,False,adm,5147
2023,6,Q,False,deslig,4977
2023,6,Q,True,adm,23425
2023,6,Q,True,deslig,21427
2023,6,R,False,adm,735
2023,6,R,False,deslig,669
2023,6,R,True,adm,2756
2023,6,R,True,deslig,2290
2023,6,S,False,adm,2428
2023,6,S,False,deslig,2304
2023,6,S,True,adm,9167
2023,6,S,True,deslig,8706
2023,6,T,True,adm,10
2023,6,T,True,deslig,10
2023,6,U,False,adm,1
2023,6,U,False,deslig,1
2023,6,U,True,adm,10
2023,6,U,True,deslig,6
2023,7,A,False,adm,1876
2023,7,A,False,deslig,736
2023,7,A,True,adm,18847
2023,7,A,True,deslig,14899
2023,7,B,False,adm,10
2023,7,B,False,deslig,11
2023,7,B,True,adm,402
2023,7,B,True,deslig,307
2023,7,C,False,adm,5756
2023,7,C,False,deslig,3256
2023,7,C,True,adm,67599
2023,7,C,True,deslig,62517
2023,7,D,False,adm,36
2023,7,D,False,deslig,49
2023,7,D,True,adm,353
2023,7,D,True,deslig,308
2023,7,E,False,adm,81
2023,7,E,False,deslig,73
2023,7,E,True,adm,2601
2023,7,E,True,deslig,2507
2023,7,F,False,adm,2442
2023,7,F,False,deslig,1946
2023,7,F,True,adm,51002
2023,7,F,True,deslig,45067
2023,7,G,False,adm,4751
2023,7,G,False,deslig,4218
2023,7,G,True,adm,117119
2023,7,G,True,deslig,105735
2023,7,H,False,adm,1834
2023,7,H,False,deslig,1461
2023,7,H,True,adm,29168
2023,7,H,True,deslig,26438
2023,7,I,False,adm,1959
2023,7,I,False,deslig,1584
2023,7,I,True,adm,34654
2023,7,I,True,deslig,31127
2023,7,J,False,adm,950
2023,7,J,False,deslig,776
2023,7,J,True,adm,10705
2023,7,J,True,deslig,11177
2023,7,K,False,adm,725
2023,7,K,False,deslig,652
2023,7,K,True,adm,7993
2023,7,K,True,deslig,7721
2023,7,L,False,adm,72
2023,7,L,False,deslig,64
2023,7,L,True,adm,1977
2023,7,L,True,deslig,1858
2023,7,M,False,adm,1436
2023,7,M,False,deslig,1625
2023,7,M,True,adm,20472
2023,7,M,True,deslig,18522
2023,7,N,False,adm,48050
2023,7,N,False,deslig,52896
2023,7,N,True,adm,86191
2023,7,N,True,deslig,83785
2023,7,O,False,adm,850
2023,7,O,False,deslig,1015
2023,7,O,True,adm,1405
2023,7,O,True,deslig,1257
2023,7,P,False,adm,2240
2023,7,P,False,deslig,2697
2023,7,P,True,adm,9100
2023,7,P,True,deslig,9455
2023,7,Q,False,adm,5595
2023,7,Q,False,deslig,5037
2023,7,Q,True,adm,24936
2023,7,Q,True,deslig,21426
2023,7,R,False,adm,744
2023,7,R,False,deslig,567
2023,7,R,True,adm,2673
2023,7,R,True,deslig,2247
2023,7,S,False,adm,3066
2023,7,S,False,deslig,2061
2023,7,S,True,adm,8629
2023,7,S,True,deslig,7900
2023,7,T,False,adm,1
2023,7,T,False,deslig,1
2023,7,T,True,adm,19
2023,7,T,True,deslig,13
2023,7,U,False,deslig,2
2023,7,U,True,adm,10
2023,7,U,True,deslig,5
2023,8,A,False,adm,1507
2023,8,A,False,deslig,972
2023,8,A,True,adm,16340
2023,8,A,True,deslig,15789
2023,8,B,False,adm,26
2023,8,B,False,deslig,7
2023,8,B,True,adm,411
2023,8,B,True,deslig,342
2023,8,C,False,adm,5280
2023,8,C,False,deslig,3136
2023,8,C,True,adm,72694
2023,8,C,True,deslig,69867
2023,8,D,False,adm,61
2023,8,D,False,deslig,26
2023,8,D,True,adm,366
2023,8,D,True,deslig,344
2023,8,E,False,adm,572
2023,8,E,False,deslig,81
2023,8,E,True,adm,2576
2023,8,E,True,deslig,2901
2023,8,F,False,adm,3239
2023,8,F,False,deslig,1862
2023,8,F,True,adm,55049
2023,8,F,True,deslig,48340
2023,8,G,False,adm,5815
2023,8,G,False,deslig,5165
2023,8,G,True,adm,127864
2023,8,G,True,deslig,115362
2023,8,H,False,adm,2180
2023,8,H,False,deslig,1669
2023,8,H,True,adm,31119
2023,8,H,True,deslig,28724
2023,8,I,False,adm,3095
2023,8,I,False,deslig,2176
2023,8,I,True,adm,38965
2023,8,I,True,deslig,34702
2023,8,J,False,adm,954
2023,8,J,False,deslig,1165
2023,8,J,True,adm,12033
2023,8,J,True,deslig,11867
2023,8,K,False,adm,900
2023,8,K,False,deslig,687
2023,8,K,True,adm,8490
2023,8,K,True,deslig,8315
2023,8,L,False,adm,67
2023,8,L,False,deslig,53
2023,8,L,True,adm,2094
2023,8,L,True,deslig,2046
2023,8,M,False,adm,1725
2023,8,M,False,deslig,1635
2023,8,M,True,adm,22523
2023,8,M,True,deslig,20808
2023,8,N,False,adm,57066
2023,8,N,False,deslig,48087
2023,8,N,True,adm,95494
2023,8,N,True,deslig,90382
2023,8,O,False,adm,1319
2023,8,O,False,deslig,874
2023,8,O,True,adm,1560
2023,8,O,True,deslig,1228
2023,8,P,False,adm,7477
2023,8,P,False,deslig,3476
2023,8,P,True,adm,16365
2023,8,P,True,deslig,12286
2023,8,Q,False,adm,6240
2023,8,Q,False,deslig,5347
2023,8,Q,True,adm,24909
2023,8,Q,True,deslig,23215
2023,8,R,False,adm,906
2023,8,R,False,deslig,731
2023,8,R,True,adm,3148
2023,8,R,True,deslig,2504
2023,8,S,False,adm,2666
2023,8,S,False,deslig,2415
2023,8,S,True,adm,9763
2023,8,S,True,deslig,8818
2023,8,T,False,deslig,1
2023,8,T,True,adm,17
2023,8,T,True,deslig,15
2023,8,U,False,adm,2
2023,8,U,True,adm,13
2023,8,U,True,deslig,6
2023,8,Z,False,deslig,1
2023,8,Z,True,deslig,1
2023,9,A,False,adm,751
2023,9,A,False,deslig,796
2023,9,A,True,adm,13485
2023,9,A,True,deslig,14234
2023,9,B,False,adm,14
2023,9,B,False,deslig,12
2023,9,B,True,adm,381
2023,9,B,True,deslig,309
2023,9,C,False,adm,4124
2023,9,C,False,deslig,2572
2023,9,C,True,adm,65596
2023,9,C,True,deslig,60206
2023,9,D,False,adm,35
2023,9,D,False,deslig,22
2023,9,D,True,adm,306
2023,9,D,True,deslig,294
2023,9,E,False,adm,89
2023,9,E,False,deslig,71
2023,9,E,True,adm,2333
2023,9,E,True,deslig,2381
2023,9,F,False,adm,2248
2023,9,F,False,deslig,1802
2023,9,F,True,adm,47601
2023,9,F,True,deslig,43099
2023,9,G,False,adm,5476
2023,9,G,False,deslig,4627
2023,9,G,True,adm,120368
2023,9,G,True,deslig,114493
2023,9,H,False,adm,2023
2023,9,H,False,deslig,1852
2023,9,H,True,adm,29289
2023,9,H,True,deslig,25742
2023,9,I,False,adm,2337
2023,9,I,False,deslig,2152
2023,9,I,True,adm,37450
2023,9,I,True,deslig,32512
2023,9,J,False,adm,848
2023,9,J,False,deslig,843
2023,9,J,True,adm,10569
2023,9,J,True,deslig,10742
2023,9,K,False,adm,1368
2023,9,K,False,deslig,630
2023,9,K,True,adm,7657
2023,9,K,True,deslig,7731
2023,9,L,False,adm,70
2023,9,L,False,deslig,62
2023,9,L,True,adm,1895
2023,9,L,True,deslig,1853
2023,9,M,False,adm,1774
2023,9,M,False,deslig,1555
2023,9,M,True,adm,19603
2023,9,M,True,deslig,19233
2023,9,N,False,adm,57055
2023,9,N,False,deslig,46394
2023,9,N,True,adm,87500
2023,9,N,True,deslig,85517
2023,9,O,False,adm,898
2023,9,O,False,deslig,760
2023,9,O,True,adm,1044
2023,9,O,True,deslig,900
2023,9,P,False,adm,2872
2023,9,P,False,deslig,2372
2023,9,P,True,adm,12525
2023,9,P,True,deslig,10262
2023,9,Q,False,adm,5134
2023,9,Q,False,deslig,4875
2023,9,Q,True,adm,22937
2023,9,Q,True,deslig,20545
2023,9,R,False,adm,713
2023,9,R,False,deslig,686
2023,9,R,True,adm,2961
2023,9,R,True,deslig,2723
2023,9,S,False,adm,2124
2023,9,S,False,deslig,2030
2023,9,S,True,adm,8726
2023,9,S,True,deslig,7990
2023,9,T,False,adm,4
2023,9,T,True,adm,15
2023,9,T,True,deslig,16
2023,9,U,True,adm,7
2023,9,U,True,deslig,4
2023,10,A,False,adm,1818
2023,10,A,False,deslig,2390
2023,10,A,True,adm,13080
2023,10,A,True,deslig,14360
2023,10,B,False,adm,21
2023,10,B,False,deslig,8
2023,10,B,True,adm,359
2023,10,B,True,deslig,317
2023,10,C,False,adm,3623
2023,10,C,False,deslig,2752
2023,10,C,True,adm,69016
2023,10,C,True,deslig,62299
2023,10,D,False,adm,31
2023,10,D,False,deslig,14
2023,10,D,True,adm,331
2023,10,D,True,deslig,258
2023,10,E,False,adm,71
2023,10,E,False,deslig,42
2023,10,E,True,adm,2325
2023,10,E,True,deslig,2245
2023,10,F,False,adm,1808
2023,10,F,False,deslig,2426
2023,10,F,True,adm,51392
2023,10,F,True,deslig,45369
2023,10,G,False,adm,7410
2023,10,G,False,deslig,5406
2023,10,G,True,adm,129214
2023,10,G,True,deslig,117283
2023,10,H,False,adm,2211
2023,10,H,False,deslig,2013
2023,10,H,True,adm,31355
2023,10,H,True,deslig,26275
2023,10,I,False,adm,2413
2023,10,I,False,deslig,1763
2023,10,I,True,adm,35980
2023,10,I,True,deslig,33282
2023,10,J,False,adm,850
2023,10,J,False,deslig,860
2023,10,J,True,adm,11764
2023,10,J,True,deslig,11525
2023,10,K,False,adm,846
2023,10,K,False,deslig,634
2023,10,K,True,adm,8163
2023,10,K,True,deslig,7353
2023,10,L,False,adm,60
2023,10,L,False,deslig,51
2023,10,L,True,adm,1873
2023,10,L,True,deslig,1928
2023,10,M,False,adm,1594
2023,10,M,False,deslig,1400
2023,10,M,True,adm,20662
2023,10,M,True,deslig,19221
2023,10,N,False,adm,69582
2023,10,N,False,deslig,52054
2023,10,N,True,adm,95451
2023,10,N,True,deslig,85831
2023,10,O,False,adm,735
2023,10,O,False,deslig,605
2023,10,O,True,adm,1008
2023,10,O,True,deslig,917
2023,10,P,False,adm,2271
2023,10,P,False,deslig,1977
2023,10,P,True,adm,10844
2023,10,P,True,deslig,9292
2023,10,Q,False,adm,4934
2023,10,Q,False,deslig,4676
2023,10,Q,True,adm,22934
2023,10,Q,True,deslig,21457
2023,10,R,False,adm,781
2023,10,R,False,deslig,600
2023,10,R,True,adm,3022
2023,10,R,True,deslig,2465
2023,10,S,False,adm,2387
2023,10,S,False,deslig,2198
2023,10,S,True,adm,8809
2023,10,S,True,deslig,8044
2023,10,T,True,adm,20
2023,10,T,True,deslig,12
2023,10,U,True,adm,6
2023,10,U,True,deslig,10
2023,11,A,False,adm,1125
2023,11,A,False,deslig,1620
2023,11,A,True,adm,11188
2023,11,A,True,deslig,16822
2023,11,B,False,adm,6
2023,11,B,False,deslig,7
2023,11,B,True,adm,282
2023,11,B,True,deslig,259
2023,11,C,False,adm,2904
2023,11,C,False,deslig,2808
2023,11,C,True,adm,59813
2023,11,C,True,deslig,63740
2023,11,D,False,adm,22
2023,11,D,False,deslig,14
2023,11,D,True,adm,325
2023,11,D,True,deslig,250
2023,11,E,False,adm,119
2023,11,E,False,deslig,73
2023,11,E,True,adm,2711
2023,11,E,True,deslig,2686
2023,11,F,False,adm,2157
2023,11,F,False,deslig,2325
2023,11,F,True,adm,45538
2023,11,F,True,deslig,47930
2023,11,G,False,adm,9923
2023,11,G,False,deslig,5357
2023,11,G,True,adm,130316
2023,11,G,True,deslig,111365
2023,11,H,False,adm,2284
2023,11,H,False,deslig,1786
2023,11,H,True,adm,29348
2023,11,H,True,deslig,26394
2023,11,I,False,adm,2293
2023,11,I,False,deslig,1882
2023,11,I,True,adm,35298
2023,11,I,True,deslig,32433
2023,11,J,False,adm,855
2023,11,J,False,deslig,717
2023,11,J,True,adm,10273
2023,11,J,True,deslig,9369
2023,11,K,False,adm,747
2023,11,K,False,deslig,502
2023,11,K,True,adm,7067
2023,11,K,True,deslig,7091
2023,11,L,False,adm,89
2023,11,L,False,deslig,58
2023,11,L,True,adm,1808
2023,11,L,True,deslig,1685
2023,11,M,False,adm,1947
2023,11,M,False,deslig,1479
2023,11,M,True,adm,19830
2023,11,M,True,deslig,17781
2023,11,N,False,adm,80331
2023,11,N,False,deslig,58529
2023,11,N,True,adm,86433
2023,11,N,True,deslig,83618
2023,11,O,False,adm,448
2023,11,O,False,deslig,820
2023,11,O,True,adm,710
2023,11,O,True,deslig,924
2023,11,P,False,adm,1279
2023,11,P,False,deslig,1694
2023,11,P,True,adm,7838
2023,11,P,True,deslig,8276
2023,11,Q,False,adm,4475
2023,11,Q,False,deslig,4437
2023,11,Q,True,adm,21473
2023,11,Q,True,deslig,19755
2023,11,R,False,adm,661
2023,11,R,False,deslig,550
2023,11,R,True,adm,2697
2023,11,R,True,deslig,2403
2023,11,S,False,adm,1985
2023,11,S,False,deslig,2056
2023,11,S,True,adm,7778
2023,11,S,True,deslig,7609
2023,11,T,False,adm,2
2023,11,T,False,deslig,2
2023,11,T,True,adm,12
2023,11,T,True,deslig,8
2023,11,U,False,deslig,1
2023,11,U,True,adm,9
2023,11,U,True,deslig,12
2023,11,Z,True,adm,1
2023,12,A,False,adm,616
2023,12,A,False,deslig,1335
2023,12,A,True,adm,8460
2023,12,A,True,deslig,23669
2023,12,B,False,adm,15
2023,12,B,False,deslig,25
2023,12,B,True,adm,264
2023,12,B,True,deslig,222
2023,12,C,False,adm,2544
2023,12,C,False,deslig,11551
2023,12,C,True,adm,41998
2023,12,C,True,deslig,69366
2023,12,D,False,adm,19
2023,12,D,False,deslig,33
2023,12,D,True,adm,263
2023,12,D,True,deslig,348
2023,12,E,False,adm,51
2023,12,E,False,deslig,138
2023,12,E,True,adm,2069
2023,12,E,True,deslig,2368
2023,12,F,False,adm,1839
2023,12,F,False,deslig,2391
2023,12,F,True,adm,32466
2023,12,F,True,deslig,45286
2023,12,G,False,adm,7157
2023,12,G,False,deslig,7694
2023,12,G,True,adm,108043
2023,12,G,True,deslig,114053
2023,12,H,False,adm,1753
2023,12,H,False,deslig,2423
2023,12,H,True,adm,22866
2023,12,H,True,deslig,34340
2023,12,I,False,adm,1588
2023,12,I,False,deslig,2334
2023,12,I,True,adm,30650
2023,12,I,True,deslig,33240
2023,12,J,False,adm,623
2023,12,J,False,deslig,741
2023,12,J,True,adm,8519
2023,12,J,True,deslig,9425
2023,12,K,False,adm,538
2023,12,K,False,deslig,541
2023,12,K,True,adm,5692
2023,12,K,True,deslig,6277
2023,12,L,False,adm,41
2023,12,L,False,deslig,37
2023,12,L,True,adm,1436
2023,12,L,True,deslig,1601
2023,12,M,False,adm,2387
2023,12,M,False,deslig,2397
2023,12,M,True,adm,15017
2023,12,M,True,deslig,17613
2023,12,N,False,adm,65603
2023,12,N,False,deslig,86944
2023,12,N,True,adm,78861
2023,12,N,True,deslig,80718
2023,12,O,False,adm,323
2023,12,O,False,deslig,10372
2023,12,O,True,adm,704
2023,12,O,True,deslig,2854
2023,12,P,False,adm,732
2023,12,P,False,deslig,13802
2023,12,P,True,adm,4020
2023,12,P,True,deslig,19057
2023,12,Q,False,adm,3492
2023,12,Q,False,deslig,5539
2023,12,Q,True,adm,19421
2023,12,Q,True,deslig,22078
2023,12,R,False,adm,541
2023,12,R,False,deslig,775
2023,12,R,True,adm,2477
2023,12,R,True,deslig,2532
2023,12,S,False,adm,1856
2023,12,S,False,deslig,2527
2023,12,S,True,adm,6190
2023,12,S,True,deslig,8430
2023,12,T,False,deslig,1
2023,12,T,True,adm,28
2023,12,T,True,deslig,18
2023,12,U,False,deslig,1
2023,12,U,True,adm,4
2023,12,U,True,deslig,7
2024,1,A,False,adm,508
2024,1,A,False,deslig,1167
2024,1,A,True,adm,15446
2024,1,A,True,deslig,19855
2024,1,B,False,adm,26
2024,1,B,False,deslig,6
2024,1,B,True,adm,345
2024,1,B,True,deslig,330
2024,1,C,False,adm,10740
2024,1,C,False,deslig,3464
2024,1,C,True,adm,80453
2024,1,C,True,deslig,62704
2024,1,D,False,adm,52
2024,1,D,False,deslig,13
2024,1,D,True,adm,376
2024,1,D,True,deslig,342
2024,1,E,False,adm,85
2024,1,E,False,deslig,70
2024,1,E,True,adm,2587
2024,1,E,True,deslig,2486
2024,1,F,False,adm,2812
2024,1,F,False,deslig,1836
2024,1,F,True,adm,62002
2024,1,F,True,deslig,43784
2024,1,G,False,adm,4152
2024,1,G,False,deslig,7937
2024,1,G,True,adm,118331
2024,1,G,True,deslig,129045
2024,1,H,False,adm,2216
2024,1,H,False,deslig,1752
2024,1,H,True,adm,28013
2024,1,H,True,deslig,29454
2024,1,I,False,adm,1503
2024,1,I,False,deslig,2008
2024,1,I,True,adm,34281
2024,1,I,True,deslig,37102
2024,1,J,False,adm,581
2024,1,J,False,deslig,728
2024,1,J,True,adm,11764
2024,1,J,True,deslig,11556
2024,1,K,False,adm,880
2024,1,K,False,deslig,547
2024,1,K,True,adm,8606
2024,1,K,True,deslig,7701
2024,1,L,False,adm,62
2024,1,L,False,deslig,52
2024,1,L,True,adm,1970
2024,1,L,True,deslig,2010
2024,1,M,False,adm,1563
2024,1,M,False,deslig,1357
2024,1,M,True,adm,23878
2024,1,M,True,deslig,20771
2024,1,N,False,adm,58256
2024,1,N,False,deslig,61392
2024,1,N,True,adm,96850
2024,1,N,True,deslig,92064
2024,1,O,False,adm,1271
2024,1,O,False,deslig,1498
2024,1,O,True,adm,904
2024,1,O,True,deslig,1323
2024,1,P,False,adm,9117
2024,1,P,False,deslig,5037
2024,1,P,True,adm,14920
2024,1,P,True,deslig,10782
2024,1,Q,False,adm,5057
2024,1,Q,False,deslig,4889
2024,1,Q,True,adm,24659
2024,1,Q,True,deslig,21632
2024,1,R,False,adm,851
2024,1,R,False,deslig,725
2024,1,R,True,adm,3417
2024,1,R,True,deslig,2660
2024,1,S,False,adm,2630
2024,1,S,False,deslig,2491
2024,1,S,True,adm,8258
2024,1,S,True,deslig,8348
2024,1,T,True,adm,10
2024,1,T,True,deslig,13
2024,1,U,True,adm,10
2024,1,U,True,deslig,12
2024,2,A,False,adm,1176
2024,2,A,False,deslig,1075
2024,2,A,True,adm,19006
2024,2,A,True,deslig,26556
2024,2,B,False,adm,11
2024,2,B,False,deslig,8
2024,2,B,True,adm,385
2024,2,B,True,deslig,360
2024,2,C,False,adm,6179
2024,2,C,False,deslig,3266
2024,2,C,True,adm,83825
2024,2,C,True,deslig,70290
2024,2,D,False,adm,19
2024,2,D,False,deslig,12
2024,2,D,True,adm,284
2024,2,D,True,deslig,298
2024,2,E,False,adm,212
2024,2,E,False,deslig,137
2024,2,E,True,adm,3568
2024,2,E,True,deslig,2685
2024,2,F,False,adm,2550
2024,2,F,False,deslig,1886
2024,2,F,True,adm,59605
2024,2,F,True,deslig,48609
2024,2,G,False,adm,6195
2024,2,G,False,deslig,5129
2024,2,G,True,adm,136715
2024,2,G,True,deslig,126006
2024,2,H,False,adm,3569
2024,2,H,False,deslig,2240
2024,2,H,True,adm,36045
2024,2,H,True,deslig,29376
2024,2,I,False,adm,2851
2024,2,I,False,deslig,1950
2024,2,I,True,adm,42552
2024,2,I,True,deslig,35312
2024,2,J,False,adm,797
2024,2,J,False,deslig,777
2024,2,J,True,adm,11184
2024,2,J,True,deslig,11329
2024,2,K,False,adm,764
2024,2,K,False,deslig,625
2024,2,K,True,adm,8029
2024,2,K,True,deslig,7918
2024,2,L,False,adm,73
2024,2,L,False,deslig,68
2024,2,L,True,adm,2080
2024,2,L,True,deslig,1975
2024,2,M,False,adm,1654
2024,2,M,False,deslig,1528
2024,2,M,True,adm,22916
2024,2,M,True,deslig,20452
2024,2,N,False,adm,55821
2024,2,N,False,deslig,54290
2024,2,N,True,adm,100577
2024,2,N,True,deslig,88357
2024,2,O,False,adm,7445
2024,2,O,False,deslig,1267
2024,2,O,True,adm,3714
2024,2,O,True,deslig,1781
2024,2,P,False,adm,11353
2024,2,P,False,deslig,3748
2024,2,P,True,adm,21239
2024,2,P,True,deslig,11732
2024,2,Q,False,adm,6746
2024,2,Q,False,deslig,5118
2024,2,Q,True,adm,26781
2024,2,Q,True,deslig,22330
2024,2,R,False,adm,948
2024,2,R,False,deslig,808
2024,2,R,True,adm,3638
2024,2,R,True,deslig,2778
2024,2,S,False,adm,3057
2024,2,S,False,deslig,2485
2024,2,S,True,adm,10845
2024,2,S,True,deslig,8686
2024,2,T,False,adm,2
2024,2,T,True,adm,13
2024,2,T,True,deslig,12
2024,2,U,False,adm,1
2024,2,U,False,deslig,4
2024,2,U,True,adm,8
2024,2,U,True,deslig,6
2024,2,Z,True,adm,1
2024,2,Z,True,deslig,1
2024,3,A,False,adm,1050
2024,3,A,False,deslig,448
2024,3,A,True,adm,20441
2024,3,A,True,deslig,19838
2024,3,B,False,adm,24
2024,3,B,False,deslig,18
2024,3,B,True,adm,417
2024,3,B,True,deslig,385
2024,3,C,False,adm,4754
2024,3,C,False,deslig,3066
2024,3,C,True,adm,86550
2024,3,C,True,deslig,75252
2024,3,D,False,adm,31
2024,3,D,False,deslig,12
2024,3,D,True,adm,407
2024,3,D,True,deslig,386
2024,3,E,False,adm,134
2024,3,E,False,deslig,105
2024,3,E,True,adm,3662
2024,3,E,True,deslig,3039
2024,3,F,False,adm,2657
2024,3,F,False,deslig,2240
2024,3,F,True,adm,56602
2024,3,F,True,deslig,49375
2024,3,G,False,adm,6454
2024,3,G,False,deslig,5142
2024,3,G,True,adm,139147
2024,3,G,True,deslig,132535
2024,3,H,False,adm,3067
2024,3,H,False,deslig,2146
2024,3,H,True,adm,40001
2024,3,H,True,deslig,28407
2024,3,I,False,adm,2534
2024,3,I,False,deslig,1932
2024,3,I,True,adm,40411
2024,3,I,True,deslig,38912
2024,3,J,False,adm,719
2024,3,J,False,deslig,813
2024,3,J,True,adm,12327
2024,3,J,True,deslig,11883
2024,3,K,False,adm,692
2024,3,K,False,deslig,654
2024,3,K,True,adm,8355
2024,3,K,True,deslig,8337
2024,3,L,False,adm,60
2024,3,L,False,deslig,47
2024,3,L,True,adm,2293
2024,3,L,True,deslig,2041
2024,3,M,False,adm,1893
2024,3,M,False,deslig,1465
2024,3,M,True,adm,23022
2024,3,M,True,deslig,21745
2024,3,N,False,adm,66353
2024,3,N,False,deslig,62313
2024,3,N,True,adm,105754
2024,3,N,True,deslig,98674
2024,3,O,False,adm,3365
2024,3,O,False,deslig,1189
2024,3,O,True,adm,2387
2024,3,O,True,deslig,1365
2024,3,P,False,adm,6141
2024,3,P,False,deslig,3708
2024,3,P,True,adm,16393
2024,3,P,True,deslig,13705
2024,3,Q,False,adm,7164
2024,3,Q,False,deslig,5428
2024,3,Q,True,adm,30588
2024,3,Q,True,deslig,23578
2024,3,R,False,adm,1007
2024,3,R,False,deslig,866
2024,3,R,True,adm,3700
2024,3,R,True,deslig,3307
2024,3,S,False,adm,2738
2024,3,S,False,deslig,2307
2024,3,S,True,adm,10015
2024,3,S,True,deslig,9710
2024,3,T,False,adm,1
2024,3,T,False,deslig,1
2024,3,T,True,adm,11
2024,3,T,True,deslig,12
2024,3,U,False,adm,1
2024,3,U,True,adm,13
2024,3,U,True,deslig,9
2024,3,Z,True,adm,3
2024,3,Z,True,deslig,2
2024,4,A,False,adm,1166
2024,4,A,False,deslig,683
2024,4,A,True,adm,25383
2024,4,A,True,deslig,17071
2024,4,B,False,adm,16
2024,4,B,False,deslig,6
2024,4,B,True,adm,440
2024,4,B,True,deslig,356
2024,4,C,False,adm,4971
2024,4,C,False,deslig,3094
2024,4,C,True,adm,91710
2024,4,C,True,deslig,78527
2024,4,D,False,adm,10
2024,4,D,False,deslig,18
2024,4,D,True,adm,530
2024,4,D,True,deslig,361
2024,4,E,False,adm,122
2024,4,E,False,deslig,117
2024,4,E,True,adm,3351
2024,4,E,True,deslig,3174
2024,4,F,False,adm,2109
2024,4,F,False,deslig,2065
2024,4,F,True,adm,56492
2024,4,F,True,deslig,52485
2024,4,G,False,adm,6628
2024,4,G,False,deslig,5209
2024,4,G,True,adm,140700
2024,4,G,True,deslig,135887
2024,4,H,False,adm,2287
2024,4,H,False,deslig,1834
2024,4,H,True,adm,38809
2024,4,H,True,deslig,33296
2024,4,I,False,adm,2388
2024,4,I,False,deslig,1809
2024,4,I,True,adm,40323
2024,4,I,True,deslig,37937
2024,4,J,False,adm,792
2024,4,J,False,deslig,835
2024,4,J,True,adm,12747
2024,4,J,True,deslig,12460
2024,4,K,False,adm,757
2024,4,K,False,deslig,660
2024,4,K,True,adm,9949
2024,4,K,True,deslig,9601
2024,4,L,False,adm,82
2024,4,L,False,deslig,86
2024,4,L,True,adm,2342
2024,4,L,True,deslig,2068
2024,4,M,False,adm,1567
2024,4,M,False,deslig,1908
2024,4,M,True,adm,24572
2024,4,M,True,deslig,22985
2024,4,N,False,adm,63339
2024,4,N,False,deslig,57168
2024,4,N,True,adm,109704
2024,4,N,True,deslig,98947
2024,4,O,False,adm,1958
2024,4,O,False,deslig,1249
2024,4,O,True,adm,2415
2024,4,O,True,deslig,1741
2024,4,P,False,adm,4602
2024,4,P,False,deslig,3709
2024,4,P,True,adm,15606
2024,4,P,True,deslig,13323
2024,4,Q,False,adm,6852
2024,4,Q,False,deslig,5557
2024,4,Q,True,adm,30811
2024,4,Q,True,deslig,25616
2024,4,R,False,adm,928
2024,4,R,False,deslig,745
2024,4,R,True,adm,3879
2024,4,R,True,deslig,3152
2024,4,S,False,adm,2917
2024,4,S,False,deslig,2352
2024,4,S,True,adm,10326
2024,4,S,True,deslig,9188
2024,4,T,False,adm,1
2024,4,T,False,deslig,1
2024,4,T,True,adm,22
2024,4,T,True,deslig,17
2024,4,U,True,adm,8
2024,4,U,True,deslig,5
2024,4,Z,True,deslig,10
2024,5,A,False,adm,1815
2024,5,A,False,deslig,1380
2024,5,A,True,adm,31133
2024,5,A,True,deslig,17092
2024,5,B,False,adm,21
2024,5,B,False,deslig,6
2024,5,B,True,adm,397
2024,5,B,True,deslig,321
2024,5,C,False,adm,4031
2024,5,C,False,deslig,2710
2024,5,C,True,adm,80616
2024,5,C,True,deslig,76046
2024,5,D,False,adm,16
2024,5,D,False,deslig,20
2024,5,D,True,adm,394
2024,5,D,True,deslig,313
2024,5,E,False,adm,167
2024,5,E,False,deslig,96
2024,5,E,True,adm,3027
2024,5,E,True,deslig,3425
2024,5,F,False,adm,1994
2024,5,F,False,deslig,1807
2024,5,F,True,adm,55625
2024,5,F,True,deslig,53135
2024,5,G,False,adm,5408
2024,5,G,False,deslig,4912
2024,5,G,True,adm,132155
2024,5,G,True,deslig,131963
2024,5,H,False,adm,2413
2024,5,H,False,deslig,2229
2024,5,H,True,adm,35345
2024,5,H,True,deslig,32965
2024,5,I,False,adm,2366
2024,5,I,False,deslig,1761
2024,5,I,True,adm,39027
2024,5,I,True,deslig,37853
2024,5,J,False,adm,886
2024,5,J,False,deslig,1324
2024,5,J,True,adm,12245
2024,5,J,True,deslig,12329
2024,5,K,False,adm,725
2024,5,K,False,deslig,588
2024,5,K,True,adm,9760
2024,5,K,True,deslig,8613
2024,5,L,False,adm,95
2024,5,L,False,deslig,74
2024,5,L,True,adm,2140
2024,5,L,True,deslig,2206
2024,5,M,False,adm,1195
2024,5,M,False,deslig,1180
2024,5,M,True,adm,22206
2024,5,M,True,deslig,22330
2024,5,N,False,adm,58756
2024,5,N,False,deslig,59809
2024,5,N,True,adm,106342
2024,5,N,True,deslig,99181
2024,5,O,False,adm,1514
2024,5,O,False,deslig,1035
2024,5,O,True,adm,1738
2024,5,O,True,deslig,1457
2024,5,P,False,adm,3404
2024,5,P,False,deslig,3190
2024,5,P,True,adm,13197
2024,5,P,True,deslig,11953
2024,5,Q,False,adm,5910
2024,5,Q,False,deslig,5318
2024,5,Q,True,adm,30500
2024,5,Q,True,deslig,26786
2024,5,R,False,adm,833
2024,5,R,False,deslig,733
2024,5,R,True,adm,3173
2024,5,R,True,deslig,3073
2024,5,S,False,adm,2459
2024,5,S,False,deslig,2208
2024,5,S,True,adm,10263
2024,5,S,True,deslig,9504
2024,5,T,True,adm,16
2024,5,T,True,deslig,20
2024,5,U,False,deslig,1
2024,5,U,True,adm,6
2024,5,U,True,deslig,13
2024,5,Z,True,adm,1
2024,6,A,False,adm,1091
2024,6,A,False,deslig,731
2024,6,A,True,adm,22592
2024,6,A,True,deslig,15342
2024,6,B,False,adm,20
2024,6,B,False,deslig,11
2024,6,B,True,adm,402
2024,6,B,True,deslig,322
2024,6,C,False,adm,3828
2024,6,C,False,deslig,6491
2024,6,C,True,adm,78728
2024,6,C,True,deslig,70982
2024,6,D,False,adm,29
2024,6,D,False,deslig,36
2024,6,D,True,adm,425
2024,6,D,True,deslig,309
2024,6,E,False,adm,102
2024,6,E,False,deslig,136
2024,6,E,True,adm,2892
2024,6,E,True,deslig,3109
2024,6,F,False,adm,2063
2024,6,F,False,deslig,1763
2024,6,F,True,adm,50790
2024,6,F,True,deslig,49838
2024,6,G,False,adm,5725
2024,6,G,False,deslig,4368
2024,6,G,True,adm,132359
2024,6,G,True,deslig,124750
2024,6,H,False,adm,2172
2024,6,H,False,deslig,1890
2024,6,H,True,adm,33039
2024,6,H,True,deslig,30305
2024,6,I,False,adm,2139
2024,6,I,False,deslig,1619
2024,6,I,True,adm,37035
2024,6,I,True,deslig,34002
2024,6,J,False,adm,998
2024,6,J,False,deslig,1669
2024,6,J,True,adm,12263
2024,6,J,True,deslig,11537
2024,6,K,False,adm,571
2024,6,K,False,deslig,606
2024,6,K,True,adm,8993
2024,6,K,True,deslig,8066
2024,6,L,False,adm,66
2024,6,L,False,deslig,62
2024,6,L,True,adm,2132
2024,6,L,True,deslig,1932
2024,6,M,False,adm,1317
2024,6,M,False,deslig,1353
2024,6,M,True,adm,22032
2024,6,M,True,deslig,20185
2024,6,N,False,adm,60308
2024,6,N,False,deslig,56948
2024,6,N,True,adm,102486
2024,6,N,True,deslig,95133
2024,6,O,False,adm,1373
2024,6,O,False,deslig,798
2024,6,O,True,adm,1986
2024,6,O,True,deslig,1297
2024,6,P,False,adm,2255
2024,6,P,False,deslig,5863
2024,6,P,True,adm,11391
2024,6,P,True,deslig,12262
2024,6,Q,False,adm,5641
2024,6,Q,False,deslig,5572
2024,6,Q,True,adm,30082
2024,6,Q,True,deslig,24764
2024,6,R,False,adm,795
2024,6,R,False,deslig,660
2024,6,R,True,adm,3402
2024,6,R,True,deslig,2593
2024,6,S,False,adm,2618
2024,6,S,False,deslig,2213
2024,6,S,True,adm,10040
2024,6,S,True,deslig,8710
2024,6,T,False,adm,5
2024,6,T,False,deslig,2
2024,6,T,True,adm,13
2024,6,T,True,deslig,22
2024,6,U,True,adm,14
2024,6,U,True,deslig,5
2024,6,Z,True,adm,1
2024,7,A,False,adm,1909
2024,7,A,False,deslig,704
2024,7,A,True,adm,17237
2024,7,A,True,deslig,16164
2024,7,B,False,adm,7
2024,7,B,False,deslig,12
2024,7,B,True,adm,419
2024,7,B,True,deslig,335
2024,7,C,False,adm,7018
2024,7,C,False,deslig,3489
2024,7,C,True,adm,86252
2024,7,C,True,deslig,72856
2024,7,D,False,adm,14
2024,7,D,False,deslig,32
2024,7,D,True,adm,439
2024,7,D,True,deslig,370
2024,7,E,False,adm,125
2024,7,E,False,deslig,111
2024,7,E,True,adm,3212
2024,7,E,True,deslig,2842
2024,7,F,False,adm,2165
2024,7,F,False,deslig,1759
2024,7,F,True,adm,53015
2024,7,F,True,deslig,51473
2024,7,G,False,adm,5847
2024,7,G,False,deslig,4613
2024,7,G,True,adm,136796
2024,7,G,True,deslig,124193
2024,7,H,False,adm,2123
2024,7,H,False,deslig,1895
2024,7,H,True,adm,34593
2024,7,H,True,deslig,31120
2024,7,I,False,adm,2129
2024,7,I,False,deslig,1879
2024,7,I,True,adm,38359
2024,7,I,True,deslig,36668
2024,7,J,False,adm,1007
2024,7,J,False,deslig,999
2024,7,J,True,adm,12695
2024,7,J,True,deslig,11663
2024,7,K,False,adm,666
2024,7,K,False,deslig,850
2024,7,K,True,adm,9414
2024,7,K,True,deslig,8299
2024,7,L,False,adm,64
2024,7,L,False,deslig,46
2024,7,L,True,adm,2097
2024,7,L,True,deslig,1995
2024,7,M,False,adm,1333
2024,7,M,False,deslig,1914
2024,7,M,True,adm,24072
2024,7,M,True,deslig,21522
2024,7,N,False,adm,67188
2024,7,N,False,deslig,60493
2024,7,N,True,adm,102918
2024,7,N,True,deslig,98706
2024,7,O,False,adm,1018
2024,7,O,False,deslig,971
2024,7,O,True,adm,1992
2024,7,O,True,deslig,1300
2024,7,P,False,adm,2767
2024,7,P,False,deslig,3036
2024,7,P,True,adm,10602
2024,7,P,True,deslig,10757
2024,7,Q,False,adm,5776
2024,7,Q,False,deslig,5610
2024,7,Q,True,adm,29785
2024,7,Q,True,deslig,25186
2024,7,R,False,adm,795
2024,7,R,False,deslig,724
2024,7,R,True,adm,3346
2024,7,R,True,deslig,2994
2024,7,S,False,adm,2036
2024,7,S,False,deslig,2158
2024,7,S,True,adm,9473
2024,7,S,True,deslig,9118
2024,7,T,False,deslig,2
2024,7,T,True,adm,12
2024,7,T,True,deslig,13
2024,7,U,False,adm,1
2024,7,U,False,deslig,1
2024,7,U,True,adm,8
2024,7,U,True,deslig,5
2024,8,A,False,adm,970
2024,8,A,False,deslig,610
2024,8,A,True,adm,14590
2024,8,A,True,deslig,16523
2024,8,B,False,adm,8
2024,8,B,False,deslig,7
2024,8,B,True,adm,378
2024,8,B,True,deslig,344
2024,8,C,False,adm,5314
2024,8,C,False,deslig,3272
2024,8,C,True,adm,85934
2024,8,C,True,deslig,76800
2024,8,D,False,adm,33
2024,8,D,False,deslig,25
2024,8,D,True,adm,440
2024,8,D,True,deslig,374
2024,8,E,False,adm,127
2024,8,E,False,deslig,114
2024,8,E,True,adm,3035
2024,8,E,True,deslig,4864
2024,8,F,False,adm,2659
2024,8,F,False,deslig,2102
2024,8,F,True,adm,53368
2024,8,F,True,deslig,52566
2024,8,G,False,adm,5854
2024,8,G,False,deslig,5202
2024,8,G,True,adm,139883
2024,8,G,True,deslig,126160
2024,8,H,False,adm,2970
2024,8,H,False,deslig,1856
2024,8,H,True,adm,36365
2024,8,H,True,deslig,31280
2024,8,I,False,adm,2518
2024,8,I,False,deslig,1828
2024,8,I,True,adm,41390
2024,8,I,True,deslig,37480
2024,8,J,False,adm,679
2024,8,J,False,deslig,764
2024,8,J,True,adm,12554
2024,8,J,True,deslig,12424
2024,8,K,False,adm,672
2024,8,K,False,deslig,853
2024,8,K,True,adm,9331
2024,8,K,True,deslig,8535
2024,8,L,False,adm,64
2024,8,L,False,deslig,60
2024,8,L,True,adm,2074
2024,8,L,True,deslig,2026
2024,8,M,False,adm,1532
2024,8,M,False,deslig,1174
2024,8,M,True,adm,24080
2024,8,M,True,deslig,21634
2024,8,N,False,adm,62274
2024,8,N,False,deslig,60704
2024,8,N,True,adm,103852
2024,8,N,True,deslig,98338
2024,8,O,False,adm,939
2024,8,O,False,deslig,733
2024,8,O,True,adm,1273
2024,8,O,True,deslig,1089
2024,8,P,False,adm,7287
2024,8,P,False,deslig,3262
2024,8,P,True,adm,17030
2024,8,P,True,deslig,12599
2024,8,Q,False,adm,5989
2024,8,Q,False,deslig,5463
2024,8,Q,True,adm,29648
2024,8,Q,True,deslig,25776
2024,8,R,False,adm,901
2024,8,R,False,deslig,692
2024,8,R,True,adm,3512
2024,8,R,True,deslig,3011
2024,8,S,False,adm,3049
2024,8,S,False,deslig,2555
2024,8,S,True,adm,10896
2024,8,S,True,deslig,9589
2024,8,T,False,adm,1
2024,8,T,True,adm,11
2024,8,T,True,deslig,14
2024,8,U,True,adm,3
2024,8,U,True,deslig,9
2024,8,Z,False,deslig,1
2024,8,Z,True,deslig,5
2024,9,A,False,adm,556
2024,9,A,False,deslig,884
2024,9,A,True,adm,12782
2024,9,A,True,deslig,15287
2024,9,B,False,adm,11
2024,9,B,False,deslig,10
2024,9,B,True,adm,355
2024,9,B,True,deslig,358
2024,9,C,False,adm,5040
2024,9,C,False,deslig,2880
2024,9,C,True,adm,83567
2024,9,C,True,deslig,70978
2024,9,D,False,adm,64
2024,9,D,False,deslig,16
2024,9,D,True,adm,460
2024,9,D,True,deslig,395
2024,9,E,False,adm,89
2024,9,E,False,deslig,131
2024,9,E,True,adm,2871
2024,9,E,True,deslig,2646
2024,9,F,False,adm,2263
2024,9,F,False,deslig,2018
2024,9,F,True,adm,50743
2024,9,F,True,deslig,51194
2024,9,G,False,adm,6742
2024,9,G,False,deslig,5200
2024,9,G,True,adm,137380
2024,9,G,True,deslig,131879
2024,9,H,False,adm,3336
2024,9,H,False,deslig,2587
2024,9,H,True,adm,34949
2024,9,H,True,deslig,30653
2024,9,I,False,adm,3082
2024,9,I,False,deslig,2164
2024,9,I,True,adm,39360
2024,9,I,True,deslig,37134
2024,9,J,False,adm,884
2024,9,J,False,deslig,939
2024,9,J,True,adm,12819
2024,9,J,True,deslig,11742
2024,9,K,False,adm,803
2024,9,K,False,deslig,585
2024,9,K,True,adm,9726
2024,9,K,True,deslig,8362
2024,9,L,False,adm,65
2024,9,L,False,deslig,54
2024,9,L,True,adm,2174
2024,9,L,True,deslig,1989
2024,9,M,False,adm,2255
2024,9,M,False,deslig,1359
2024,9,M,True,adm,24150
2024,9,M,True,deslig,21729
2024,9,N,False,adm,71810
2024,9,N,False,deslig,60356
2024,9,N,True,adm,102606
2024,9,N,True,deslig,99906
2024,9,O,False,adm,642
2024,9,O,False,deslig,647
2024,9,O,True,adm,759
2024,9,O,True,deslig,898
2024,9,P,False,adm,3168
2024,9,P,False,deslig,2486
2024,9,P,True,adm,13090
2024,9,P,True,deslig,11252
2024,9,Q,False,adm,6209
2024,9,Q,False,deslig,5134
2024,9,Q,True,adm,28842
2024,9,Q,True,deslig,24778
2024,9,R,False,adm,865
2024,9,R,False,deslig,710
2024,9,R,True,adm,3364
2024,9,R,True,deslig,3088
2024,9,S,False,adm,2520
2024,9,S,False,deslig,2055
2024,9,S,True,adm,10467
2024,9,S,True,deslig,9315
2024,9,T,True,adm,10
2024,9,T,True,deslig,13
2024,9,U,True,adm,4
2024,9,U,True,deslig,4
2024,10,A,False,adm,1592
2024,10,A,False,deslig,2598
2024,10,A,True,adm,12565
2024,10,A,True,deslig,18883
2024,10,B,False,adm,18
2024,10,B,False,deslig,3
2024,10,B,True,adm,418
2024,10,B,True,deslig,343
2024,10,C,False,adm,4814
2024,10,C,False,deslig,3321
2024,10,C,True,adm,87159
2024,10,C,True,deslig,80934
2024,10,D,False,adm,20
2024,10,D,False,deslig,16
2024,10,D,True,adm,440
2024,10,D,True,deslig,378
2024,10,E,False,adm,141
2024,10,E,False,deslig,97
2024,10,E,True,adm,3128
2024,10,E,True,deslig,2761
2024,10,F,False,adm,2288
2024,10,F,False,deslig,1793
2024,10,F,True,adm,52804
2024,10,F,True,deslig,53926
2024,10,G,False,adm,7444
2024,10,G,False,deslig,5761
2024,10,G,True,adm,149306
2024,10,G,True,deslig,141413
2024,10,H,False,adm,2748
2024,10,H,False,deslig,2466
2024,10,H,True,adm,37316
2024,10,H,True,deslig,33541
2024,10,I,False,adm,2943
2024,10,I,False,deslig,2575
2024,10,I,True,adm,41387
2024,10,I,True,deslig,39998
2024,10,J,False,adm,1130
2024,10,J,False,deslig,1074
2024,10,J,True,adm,12912
2024,10,J,True,deslig,12638
2024,10,K,False,adm,838
2024,10,K,False,deslig,607
2024,10,K,True,adm,9906
2024,10,K,True,deslig,8769
2024,10,L,False,adm,74
2024,10,L,False,deslig,66
2024,10,L,True,adm,2256
2024,10,L,True,deslig,2144
2024,10,M,False,adm,1641
2024,10,M,False,deslig,1295
2024,10,M,True,adm,24334
2024,10,M,True,deslig,22324
2024,10,N,False,adm,85978
2024,10,N,False,deslig,67477
2024,10,N,True,adm,109690
2024,10,N,True,deslig,104151
2024,10,O,False,adm,366
2024,10,O,False,deslig,644
2024,10,O,True,adm,720
2024,10,O,True,deslig,887
2024,10,P,False,adm,2452
2024,10,P,False,deslig,2298
2024,10,P,True,adm,11794
2024,10,P,True,deslig,10821
2024,10,Q,False,adm,5599
2024,10,Q,False,deslig,4995
2024,10,Q,True,adm,27454
2024,10,Q,True,deslig,26679
2024,10,R,False,adm,783
2024,10,R,False,deslig,794
2024,10,R,True,adm,3552
2024,10,R,True,deslig,3069
2024,10,S,False,adm,2671
2024,10,S,False,deslig,2340
2024,10,S,True,adm,9732
2024,10,S,True,deslig,9296
2024,10,T,False,adm,3
2024,10,T,False,deslig,1
2024,10,T,True,adm,19
2024,10,T,True,deslig,14
2024,10,U,False,adm,1
2024,10,U,False,deslig,1
2024,10,U,True,adm,14
2024,10,U,True,deslig,4
2024,11,A,False,adm,574
2024,11,A,False,deslig,1161
2024,11,A,True,adm,11029
2024,11,A,True,deslig,21785
2024,11,B,False,adm,5
2024,11,B,False,deslig,6
2024,11,B,True,adm,471
2024,11,B,True,deslig,310
2024,11,C,False,adm,3313
2024,11,C,False,deslig,2738
2024,11,C,True,adm,68483
2024,11,C,True,deslig,72065
2024,11,D,False,adm,23
2024,11,D,False,deslig,20
2024,11,D,True,adm,398
2024,11,D,True,deslig,354
2024,11,E,False,adm,91
2024,11,E,False,deslig,71
2024,11,E,True,adm,2525
2024,11,E,True,deslig,2534
2024,11,F,False,adm,2459
2024,11,F,False,deslig,1764
2024,11,F,True,adm,44119
2024,11,F,True,deslig,50737
2024,11,G,False,adm,8238
2024,11,G,False,deslig,5546
2024,11,G,True,adm,142808
2024,11,G,True,deslig,120907
2024,11,H,False,adm,2562
2024,11,H,False,deslig,1948
2024,11,H,True,adm,32819
2024,11,H,True,deslig,31094
2024,11,I,False,adm,1990
2024,11,I,False,deslig,1598
2024,11,I,True,adm,38887
2024,11,I,True,deslig,35584
2024,11,J,False,adm,975
2024,11,J,False,deslig,668
2024,11,J,True,adm,11916
2024,11,J,True,deslig,10805
2024,11,K,False,adm,637
2024,11,K,False,deslig,653
2024,11,K,True,adm,8068
2024,11,K,True,deslig,7613
2024,11,L,False,adm,65
2024,11,L,False,deslig,50
2024,11,L,True,adm,1887
2024,11,L,True,deslig,1754
2024,11,M,False,adm,1587
2024,11,M,False,deslig,1133
2024,11,M,True,adm,20444
2024,11,M,True,deslig,19240
2024,11,N,False,adm,86003
2024,11,N,False,deslig,65522
2024,11,N,True,adm,93410
2024,11,N,True,deslig,90601
2024,11,O,False,adm,216
2024,11,O,False,deslig,480
2024,11,O,True,adm,428
2024,11,O,True,deslig,1029
2024,11,P,False,adm,1427
2024,11,P,False,deslig,1961
2024,11,P,True,adm,8280
2024,11,P,True,deslig,8820
2024,11,Q,False,adm,4864
2024,11,Q,False,deslig,4446
2024,11,Q,True,adm,23657
2024,11,Q,True,deslig,22074
2024,11,R,False,adm,672
2024,11,R,False,deslig,626
2024,11,R,True,adm,3198
2024,11,R,True,deslig,2689
2024,11,S,False,adm,2114
2024,11,S,False,deslig,1985
2024,11,S,True,adm,8083
2024,11,S,True,deslig,7804
2024,11,T,False,adm,3
2024,11,T,False,deslig,1
2024,11,T,True,adm,25
2024,11,T,True,deslig,9
2024,11,U,False,deslig,2
2024,11,U,True,adm,1
2024,11,U,True,deslig,5
2024,12,A,False,adm,545
2024,12,A,False,deslig,1574
2024,12,A,True,adm,8879
2024,12,A,True,deslig,20801
2024,12,B,False,adm,6
2024,12,B,False,deslig,23
2024,12,B,True,adm,235
2024,12,B,True,deslig,275
2024,12,C,False,adm,2309
2024,12,C,False,deslig,12311
2024,12,C,True,adm,41684
2024,12,C,True,deslig,70211
2024,12,D,False,adm,18
2024,12,D,False,deslig,37
2024,12,D,True,adm,545
2024,12,D,True,deslig,329
2024,12,E,False,adm,105
2024,12,E,False,deslig,221
2024,12,E,True,adm,2052
2024,12,E,True,deslig,2418
2024,12,F,False,adm,2089
2024,12,F,False,deslig,2406
2024,12,F,True,adm,28757
2024,12,F,True,deslig,45968
2024,12,G,False,adm,6009
2024,12,G,False,deslig,7150
2024,12,G,True,adm,109574
2024,12,G,True,deslig,121545
2024,12,H,False,adm,2143
2024,12,H,False,deslig,2996
2024,12,H,True,adm,25194
2024,12,H,True,deslig,34851
2024,12,I,False,adm,1743
2024,12,I,False,deslig,2410
2024,12,I,True,adm,29884
2024,12,I,True,deslig,37129
2024,12,J,False,adm,787
2024,12,J,False,deslig,810
2024,12,J,True,adm,9077
2024,12,J,True,deslig,9959
2024,12,K,False,adm,515
2024,12,K,False,deslig,492
2024,12,K,True,adm,5428
2024,12,K,True,deslig,6431
2024,12,L,False,adm,62
2024,12,L,False,deslig,61
2024,12,L,True,adm,1327
2024,12,L,True,deslig,1568
2024,12,M,False,adm,1559
2024,12,M,False,deslig,1543
2024,12,M,True,adm,14442
2024,12,M,True,deslig,17620
2024,12,N,False,adm,66142
2024,12,N,False,deslig,94450
2024,12,N,True,adm,81965
2024,12,N,True,deslig,87303
2024,12,O,False,adm,127
2024,12,O,False,deslig,8815
2024,12,O,True,adm,237
2024,12,O,True,deslig,3450
2024,12,P,False,adm,742
2024,12,P,False,deslig,14510
2024,12,P,True,adm,3740
2024,12,P,True,deslig,19327
2024,12,Q,False,adm,3723
2024,12,Q,False,deslig,5222
2024,12,Q,True,adm,20499
2024,12,Q,True,deslig,23913
2024,12,R,False,adm,588
2024,12,R,False,deslig,709
2024,12,R,True,adm,2733
2024,12,R,True,deslig,2711
2024,12,S,False,adm,1396
2024,12,S,False,deslig,2764
2024,12,S,True,adm,5400
2024,12,S,True,deslig,8507
2024,12,T,True,adm,10
2024,12,T,True,deslig,12
2024,12,U,False,deslig,1
2024,12,U,True,adm,3
2024,12,U,True,deslig,9
2025,1,A,False,adm,586
2025,1,A,False,deslig,870
2025,1,A,True,adm,18490
2025,1,A,True,deslig,16227
2025,1,B,False,adm,22
2025,1,B,False,deslig,13
2025,1,B,True,adm,378
2025,1,B,True,deslig,354
2025,1,C,False,adm,12860
2025,1,C,False,deslig,3245
2025,1,C,True,adm,88699
2025,1,C,True,deslig,71542
2025,1,D,False,adm,27
2025,1,D,False,deslig,26
2025,1,D,True,adm,473
2025,1,D,True,deslig,314
2025,1,E,False,adm,84
2025,1,E,False,deslig,474
2025,1,E,True,adm,2891
2025,1,E,True,deslig,3033
2025,1,F,False,adm,3065
2025,1,F,False,deslig,2005
2025,1,F,True,adm,63207
2025,1,F,True,deslig,47982
2025,1,G,False,adm,4552
2025,1,G,False,deslig,6182
2025,1,G,True,adm,130809
2025,1,G,True,deslig,146829
2025,1,H,False,adm,2362
2025,1,H,False,deslig,1915
2025,1,H,True,adm,31073
2025,1,H,True,deslig,32790
2025,1,I,False,adm,1491
2025,1,I,False,deslig,2118
2025,1,I,True,adm,36164
2025,1,I,True,deslig,41599
2025,1,J,False,adm,789
2025,1,J,False,deslig,794
2025,1,J,True,adm,12215
2025,1,J,True,deslig,13276
2025,1,K,False,adm,779
2025,1,K,False,deslig,539
2025,1,K,True,adm,8882
2025,1,K,True,deslig,8800
2025,1,L,False,adm,76
2025,1,L,False,deslig,65
2025,1,L,True,adm,2172
2025,1,L,True,deslig,1969
2025,1,M,False,adm,1878
2025,1,M,False,deslig,2016
2025,1,M,True,adm,26711
2025,1,M,True,deslig,22458
2025,1,N,False,adm,69488
2025,1,N,False,deslig,74104
2025,1,N,True,adm,109089
2025,1,N,True,deslig,102228
2025,1,O,False,adm,743
2025,1,O,False,deslig,1039
2025,1,O,True,adm,1328
2025,1,O,True,deslig,1685
2025,1,P,False,adm,10658
2025,1,P,False,deslig,5840
2025,1,P,True,adm,15423
2025,1,P,True,deslig,12543
2025,1,Q,False,adm,5212
2025,1,Q,False,deslig,5406
2025,1,Q,True,adm,27607
2025,1,Q,True,deslig,24236
2025,1,R,False,adm,859
2025,1,R,False,deslig,696
2025,1,R,True,adm,4472
2025,1,R,True,deslig,3414
2025,1,S,False,adm,2528
2025,1,S,False,deslig,2802
2025,1,S,True,adm,8567
2025,1,S,True,deslig,9164
2025,1,T,False,adm,2
2025,1,T,False,deslig,1
2025,1,T,True,adm,25
2025,1,T,True,deslig,17
2025,1,U,True,adm,8
2025,1,U,True,deslig,9
2025,2,A,False,adm,866
2025,2,A,False,deslig,482
2025,2,A,True,adm,23140
2025,2,A,True,deslig,16580
2025,2,B,False,adm,25
2025,2,B,False,deslig,8
2025,2,B,True,adm,427
2025,2,B,True,deslig,383
2025,2,C,False,adm,6509
2025,2,C,False,deslig,3511
2025,2,C,True,adm,97478
2025,2,C,True,deslig,81296
2025,2,D,False,adm,19
2025,2,D,False,deslig,29
2025,2,D,True,adm,438
2025,2,D,True,deslig,390
2025,2,E,False,adm,346
2025,2,E,False,deslig,155
2025,2,E,True,adm,3765
2025,2,E,True,deslig,3439
2025,2,F,False,adm,2673
2025,2,F,False,deslig,1799
2025,2,F,True,adm,62434
2025,2,F,True,deslig,51909
2025,2,G,False,adm,6919
2025,2,G,False,deslig,5495
2025,2,G,True,adm,154455
2025,2,G,True,deslig,140647
2025,2,H,False,adm,3003
2025,2,H,False,deslig,2244
2025,2,H,True,adm,41800
2025,2,H,True,deslig,33250
2025,2,I,False,adm,3477
2025,2,I,False,deslig,2108
2025,2,I,True,adm,48276
2025,2,I,True,deslig,39442
2025,2,J,False,adm,936
2025,2,J,False,deslig,846
2025,2,J,True,adm,13809
2025,2,J,True,deslig,12365
2025,2,K,False,adm,725
2025,2,K,False,deslig,652
2025,2,K,True,adm,8938
2025,2,K,True,deslig,8747
2025,2,L,False,adm,82
2025,2,L,False,deslig,57
2025,2,L,True,adm,2505
2025,2,L,True,deslig,2230
2025,2,M,False,adm,2231
2025,2,M,False,deslig,1317
2025,2,M,True,adm,25930
2025,2,M,True,deslig,22986
2025,2,N,False,adm,72240
2025,2,N,False,deslig,64194
2025,2,N,True,adm,115259
2025,2,N,True,deslig,99815
2025,2,O,False,adm,6986
2025,2,O,False,deslig,1463
2025,2,O,True,adm,3756
2025,2,O,True,deslig,1719
2025,2,P,False,adm,11281
2025,2,P,False,deslig,3669
2025,2,P,True,adm,22393
2025,2,P,True,deslig,13224
2025,2,Q,False,adm,7368
2025,2,Q,False,deslig,5839
2025,2,Q,True,adm,30624
2025,2,Q,True,deslig,26374
2025,2,R,False,adm,949
2025,2,R,False,deslig,794
2025,2,R,True,adm,4828
2025,2,R,True,deslig,3350
2025,2,S,False,adm,4053
2025,2,S,False,deslig,2800
2025,2,S,True,adm,11413
2025,2,S,True,deslig,9160
2025,2,T,False,adm,1
2025,2,T,True,adm,10
2025,2,T,True,deslig,17
2025,2,U,False,adm,2
2025,2,U,True,adm,6
2025,2,U,True,deslig,9
2025,3,A,False,adm,1699
2025,3,A,False,deslig,666
2025,3,A,True,adm,22107
2025,3,A,True,deslig,17614
2025,3,B,False,adm,21
2025,3,B,False,deslig,6
2025,3,B,True,adm,365
2025,3,B,True,deslig,375
2025,3,C,False,adm,4824
2025,3,C,False,deslig,3487
2025,3,C,True,adm,87784
2025,3,C,True,deslig,82356
2025,3,D,False,adm,17
2025,3,D,False,deslig,23
2025,3,D,True,adm,426
2025,3,D,True,deslig,341
2025,3,E,False,adm,150
2025,3,E,False,deslig,192
2025,3,E,True,adm,3064
2025,3,E,True,deslig,3460
2025,3,F,False,adm,2495
2025,3,F,False,deslig,2044
2025,3,F,True,adm,56261
2025,3,F,True,deslig,50773
2025,3,G,False,adm,6374
2025,3,G,False,deslig,5371
2025,3,G,True,adm,139670
2025,3,G,True,deslig,143986
2025,3,H,False,adm,2498
2025,3,H,False,deslig,2318
2025,3,H,True,adm,38044
2025,3,H,True,deslig,30388
2025,3,I,False,adm,2383
2025,3,I,False,deslig,2083
2025,3,I,True,adm,39863
2025,3,I,True,deslig,42018
2025,3,J,False,adm,915
2025,3,J,False,deslig,756
2025,3,J,True,adm,12357
2025,3,J,True,deslig,11721
2025,3,K,False,adm,663
2025,3,K,False,deslig,536
2025,3,K,True,adm,8895
2025,3,K,True,deslig,8711
2025,3,L,False,adm,91
2025,3,L,False,deslig,49
2025,3,L,True,adm,2201
2025,3,L,True,deslig,2093
2025,3,M,False,adm,2019
2025,3,M,False,deslig,1431
2025,3,M,True,adm,23978
2025,3,M,True,deslig,22654
2025,3,N,False,adm,65673
2025,3,N,False,deslig,67775
2025,3,N,True,adm,107532
2025,3,N,True,deslig,106376
2025,3,O,False,adm,2415
2025,3,O,False,deslig,1131
2025,3,O,True,adm,2130
2025,3,O,True,deslig,1392
2025,3,P,False,adm,5058
2025,3,P,False,deslig,3197
2025,3,P,True,adm,14309
2025,3,P,True,deslig,13641
2025,3,Q,False,adm,6516
2025,3,Q,False,deslig,5341
2025,3,Q,True,adm,29563
2025,3,Q,True,deslig,25495
2025,3,R,False,adm,1106
2025,3,R,False,deslig,840
2025,3,R,True,adm,4290
2025,3,R,True,deslig,4112
2025,3,S,False,adm,3533
2025,3,S,False,deslig,2866
2025,3,S,True,adm,10589
2025,3,S,True,deslig,9408
2025,3,T,False,adm,4
2025,3,T,True,adm,23
2025,3,T,True,deslig,14
2025,3,U,False,adm,1
2025,3,U,True,adm,3
2025,3,U,True,deslig,5
2025,4,A,False,adm,1505
2025,4,A,False,deslig,807
2025,4,A,True,adm,22475
2025,4,A,True,deslig,17828
2025,4,B,False,adm,9
2025,4,B,False,deslig,7
2025,4,B,True,adm,424
2025,4,B,True,deslig,425
2025,4,C,False,adm,4352
2025,4,C,False,deslig,3322
2025,4,C,True,adm,90827
2025,4,C,True,deslig,82820
2025,4,D,False,adm,33
2025,4,D,False,deslig,17
2025,4,D,True,adm,464
2025,4,D,True,deslig,325
2025,4,E,False,adm,121
2025,4,E,False,deslig,88
2025,4,E,True,adm,3502
2025,4,E,True,deslig,3347
2025,4,F,False,adm,2414
2025,4,F,False,deslig,1874
2025,4,F,True,adm,55279
2025,4,F,True,deslig,51387
2025,4,G,False,adm,6780
2025,4,G,False,deslig,4839
2025,4,G,True,adm,146473
2025,4,G,True,deslig,135455
2025,4,H,False,adm,2807
2025,4,H,False,deslig,2216
2025,4,H,True,adm,42987
2025,4,H,True,deslig,34082
2025,4,I,False,adm,2178
2025,4,I,False,deslig,1621
2025,4,I,True,adm,41972
2025,4,I,True,deslig,38436
2025,4,J,False,adm,927
2025,4,J,False,deslig,791
2025,4,J,True,adm,13746
2025,4,J,True,deslig,12984
2025,4,K,False,adm,713
2025,4,K,False,deslig,569
2025,4,K,True,adm,9610
2025,4,K,True,deslig,8927
2025,4,L,False,adm,82
2025,4,L,False,deslig,62
2025,4,L,True,adm,2283
2025,4,L,True,deslig,2110
2025,4,M,False,adm,1615
2025,4,M,False,deslig,1462
2025,4,M,True,adm,24599
2025,4,M,True,deslig,22282
2025,4,N,False,adm,70204
2025,4,N,False,deslig,63427
2025,4,N,True,adm,105209
2025,4,N,True,deslig,102900
2025,4,O,False,adm,1739
2025,4,O,False,deslig,1008
2025,4,O,True,adm,2356
2025,4,O,True,deslig,1344
2025,4,P,False,adm,3773
2025,4,P,False,deslig,3118
2025,4,P,True,adm,13866
2025,4,P,True,deslig,12344
2025,4,Q,False,adm,6423
2025,4,Q,False,deslig,5265
2025,4,Q,True,adm,30581
2025,4,Q,True,deslig,25398
2025,4,R,False,adm,856
2025,4,R,False,deslig,713
2025,4,R,True,adm,4197
2025,4,R,True,deslig,3527
2025,4,S,False,adm,3484
2025,4,S,False,deslig,2558
2025,4,S,True,adm,10060
2025,4,S,True,deslig,8967
2025,4,T,False,adm,5
2025,4,T,False,deslig,1
2025,4,T,True,adm,14
2025,4,T,True,deslig,12
2025,4,U,False,adm,4
2025,4,U,False,deslig,2
2025,4,U,True,adm,6
2025,4,U,True,deslig,4
2025,5,A,False,adm,1768
2025,5,A,False,deslig,1345
2025,5,A,True,adm,21981
2025,5,A,True,deslig,17241
2025,5,B,False,adm,8
2025,5,B,False,deslig,10
2025,5,B,True,adm,396
2025,5,B,True,deslig,391
2025,5,C,False,adm,3827
2025,5,C,False,deslig,3142
2025,5,C,True,adm,82442
2025,5,C,True,deslig,81427
2025,5,D,False,adm,6
2025,5,D,False,deslig,15
2025,5,D,True,adm,346
2025,5,D,True,deslig,350
2025,5,E,False,adm,136
2025,5,E,False,deslig,88
2025,5,E,True,adm,2985
2025,5,E,True,deslig,3108
2025,5,F,False,adm,2409
2025,5,F,False,deslig,1949
2025,5,F,True,adm,54662
2025,5,F,True,deslig,56105
2025,5,G,False,adm,8096
2025,5,G,False,deslig,5279
2025,5,G,True,adm,143933
2025,5,G,True,deslig,138046
2025,5,H,False,adm,2692
2025,5,H,False,deslig,1786
2025,5,H,True,adm,39680
2025,5,H,True,deslig,36900
2025,5,I,False,adm,2463
2025,5,I,False,deslig,1745
2025,5,I,True,adm,40582
2025,5,I,True,deslig,39882
2025,5,J,False,adm,1207
2025,5,J,False,deslig,718
2025,5,J,True,adm,13398
2025,5,J,True,deslig,12478
2025,5,K,False,adm,842
2025,5,K,False,deslig,569
2025,5,K,True,adm,9223
2025,5,K,True,deslig,9320
2025,5,L,False,adm,86
2025,5,L,False,deslig,87
2025,5,L,True,adm,2094
2025,5,L,True,deslig,2289
2025,5,M,False,adm,1717
2025,5,M,False,deslig,1283
2025,5,M,True,adm,23940
2025,5,M,True,deslig,23250
2025,5,N,False,adm,68307
2025,5,N,False,deslig,66296
2025,5,N,True,adm,105022
2025,5,N,True,deslig,104529
2025,5,O,False,adm,1685
2025,5,O,False,deslig,884
2025,5,O,True,adm,1699
2025,5,O,True,deslig,1359
2025,5,P,False,adm,3330
2025,5,P,False,deslig,2620
2025,5,P,True,adm,12074
2025,5,P,True,deslig,11642
2025,5,Q,False,adm,6860
2025,5,Q,False,deslig,5116
2025,5,Q,True,adm,30043
2025,5,Q,True,deslig,26719
2025,5,R,False,adm,832
2025,5,R,False,deslig,741
2025,5,R,True,adm,4040
2025,5,R,True,deslig,3425
2025,5,S,False,adm,3065
2025,5,S,False,deslig,2633
2025,5,S,True,adm,9532
2025,5,S,True,deslig,9344
2025,5,T,False,adm,6
2025,5,T,False,deslig,1
2025,5,T,True,adm,21
2025,5,T,True,deslig,14
2025,5,U,False,adm,4
2025,5,U,True,adm,4
2025,5,U,True,deslig,5
2025,5,Z,True,adm,1
2025,6,A,False,adm,1133
2025,6,A,False,deslig,580
2025,6,A,True,adm,20456
2025,6,A,True,deslig,14631
2025,6,B,False,adm,2
2025,6,B,False,deslig,15
2025,6,B,True,adm,361
2025,6,B,True,deslig,373
2025,6,C,False,adm,3941
2025,6,C,False,deslig,5790
2025,6,C,True,adm,79216
2025,6,C,True,deslig,76884
2025,6,D,False,adm,33
2025,6,D,False,deslig,39
2025,6,D,True,adm,369
2025,6,D,True,deslig,373
2025,6,E,False,adm,592
2025,6,E,False,deslig,96
2025,6,E,True,adm,3705
2025,6,E,True,deslig,4007
2025,6,F,False,adm,2669
2025,6,F,False,deslig,1862
2025,6,F,True,adm,51644
2025,6,F,True,deslig,51504
2025,6,G,False,adm,6348
2025,6,G,False,deslig,4840
2025,6,G,True,adm,137688
2025,6,G,True,deslig,130087
2025,6,H,False,adm,2525
2025,6,H,False,deslig,1791
2025,6,H,True,adm,37439
2025,6,H,True,deslig,33406
2025,6,I,False,adm,1916
2025,6,I,False,deslig,1596
2025,6,I,True,adm,37740
2025,6,I,True,deslig,34864
2025,6,J,False,adm,828
2025,6,J,False,deslig,744
2025,6,J,True,adm,12972
2025,6,J,True,deslig,12372
2025,6,K,False,adm,779
2025,6,K,False,deslig,587
2025,6,K,True,adm,9744
2025,6,K,True,deslig,8684
2025,6,L,False,adm,80
2025,6,L,False,deslig,62
2025,6,L,True,adm,2053
2025,6,L,True,deslig,1996
2025,6,M,False,adm,1656
2025,6,M,False,deslig,1262
2025,6,M,True,adm,23340
2025,6,M,True,deslig,21330
2025,6,N,False,adm,72669
2025,6,N,False,deslig,64194
2025,6,N,True,adm,99010
2025,6,N,True,deslig,99191
2025,6,O,False,adm,1089
2025,6,O,False,deslig,896
2025,6,O,True,adm,1259
2025,6,O,True,deslig,1347
2025,6,P,False,adm,2143
2025,6,P,False,deslig,5684
2025,6,P,True,adm,10107
2025,6,P,True,deslig,11699
2025,6,Q,False,adm,5861
2025,6,Q,False,deslig,5005
2025,6,Q,True,adm,31019
2025,6,Q,True,deslig,25534
2025,6,R,False,adm,810
2025,6,R,False,deslig,755
2025,6,R,True,adm,3796
2025,6,R,True,deslig,3249
2025,6,S,False,adm,2696
2025,6,S,False,deslig,2624
2025,6,S,True,adm,8768
2025,6,S,True,deslig,8417
2025,6,T,False,adm,1
2025,6,T,False,deslig,5
2025,6,T,True,adm,22
2025,6,T,True,deslig,17
2025,6,U,False,adm,2
2025,6,U,False,deslig,3
2025,6,U,True,adm,10
2025,6,U,True,deslig,7
2025,7,A,False,adm,1968
2025,7,A,False,deslig,917
2025,7,A,True,adm,20035
2025,7,A,True,deslig,15933
2025,7,B,False,adm,10
2025,7,B,False,deslig,15
2025,7,B,True,adm,339
2025,7,B,True,deslig,351
2025,7,C,False,adm,6723
2025,7,C,False,deslig,3134
2025,7,C,True,adm,82659
2025,7,C,True,deslig,80139
2025,7,D,False,adm,16
2025,7,D,False,deslig,30
2025,7,D,True,adm,441
2025,7,D,True,deslig,454
2025,7,E,False,adm,115
2025,7,E,False,deslig,107
2025,7,E,True,adm,3251
2025,7,E,True,deslig,3268
2025,7,F,False,adm,2645
2025,7,F,False,deslig,1831
2025,7,F,True,adm,57044
2025,7,F,True,deslig,52690
2025,7,G,False,adm,6372
2025,7,G,False,deslig,4869
2025,7,G,True,adm,142677
2025,7,G,True,deslig,132680
2025,7,H,False,adm,3188
2025,7,H,False,deslig,1863
2025,7,H,True,adm,39263
2025,7,H,True,deslig,34270
2025,7,I,False,adm,1860
2025,7,I,False,deslig,1633
2025,7,I,True,adm,39276
2025,7,I,True,deslig,38935
2025,7,J,False,adm,707
2025,7,J,False,deslig,764
2025,7,J,True,adm,13038
2025,7,J,True,deslig,12175
2025,7,K,False,adm,1105
2025,7,K,False,deslig,676
2025,7,K,True,adm,10480
2025,7,K,True,deslig,10059
2025,7,L,False,adm,99
2025,7,L,False,deslig,65
2025,7,L,True,adm,2041
2025,7,L,True,deslig,2110
2025,7,M,False,adm,1698
2025,7,M,False,deslig,1794
2025,7,M,True,adm,26031
2025,7,M,True,deslig,23970
2025,7,N,False,adm,70084
2025,7,N,False,deslig,69651
2025,7,N,True,adm,106615
2025,7,N,True,deslig,104486
2025,7,O,False,adm,886
2025,7,O,False,deslig,1234
2025,7,O,True,adm,1214
2025,7,O,True,deslig,1608
2025,7,P,False,adm,2973
2025,7,P,False,deslig,3203
2025,7,P,True,adm,9855
2025,7,P,True,deslig,12129
2025,7,Q,False,adm,5859
2025,7,Q,False,deslig,5076
2025,7,Q,True,adm,30306
2025,7,Q,True,deslig,26277
2025,7,R,False,adm,710
2025,7,R,False,deslig,758
2025,7,R,True,adm,3930
2025,7,R,True,deslig,3418
2025,7,S,False,adm,2439
2025,7,S,False,deslig,2587
2025,7,S,True,adm,8917
2025,7,S,True,deslig,8908
2025,7,T,False,adm,2
2025,7,T,False,deslig,1
2025,7,T,True,adm,14
2025,7,T,True,deslig,22
2025,7,U,False,adm,1
2025,7,U,False,deslig,1
2025,7,U,True,adm,9
2025,7,U,True,deslig,8
2025,7,Z,True,adm,2
2025,8,A,False,adm,832
2025,8,A,False,deslig,705
2025,8,A,True,adm,16783
2025,8,A,True,deslig,16006
2025,8,B,False,adm,14
2025,8,B,False,deslig,14
2025,8,B,True,adm,342
2025,8,B,True,deslig,413
2025,8,C,False,adm,6754
2025,8,C,False,deslig,3167
2025,8,C,True,adm,80439
2025,8,C,True,deslig,81007
2025,8,D,False,adm,49
2025,8,D,False,deslig,27
2025,8,D,True,adm,346
2025,8,D,True,deslig,399
2025,8,E,False,adm,108
2025,8,E,False,deslig,131
2025,8,E,True,adm,3067
2025,8,E,True,deslig,2918
2025,8,F,False,adm,3000
2025,8,F,False,deslig,1984
2025,8,F,True,adm,57186
2025,8,F,True,deslig,51816
2025,8,G,False,adm,8071
2025,8,G,False,deslig,4912
2025,8,G,True,adm,142542
2025,8,G,True,deslig,133211
2025,8,H,False,adm,4008
2025,8,H,False,deslig,2538
2025,8,H,True,adm,38244
2025,8,H,True,deslig,33840
2025,8,I,False,adm,3179
2025,8,I,False,deslig,1768
2025,8,I,True,adm,43311
2025,8,I,True,deslig,39502
2025,8,J,False,adm,851
2025,8,J,False,deslig,915
2025,8,J,True,adm,13318
2025,8,J,True,deslig,13339
2025,8,K,False,adm,799
2025,8,K,False,deslig,703
2025,8,K,True,adm,9560
2025,8,K,True,deslig,9164
2025,8,L,False,adm,98
2025,8,L,False,deslig,77
2025,8,L,True,adm,2055
2025,8,L,True,deslig,1963
2025,8,M,False,adm,2109
2025,8,M,False,deslig,1500
2025,8,M,True,adm,25557
2025,8,M,True,deslig,23097
2025,8,N,False,adm,62094
2025,8,N,False,deslig,64064
2025,8,N,True,adm,101770
2025,8,N,True,deslig,103619
2025,8,O,False,adm,1253
2025,8,O,False,deslig,940
2025,8,O,True,adm,1505
2025,8,O,True,deslig,1524
2025,8,P,False,adm,7437
2025,8,P,False,deslig,3284
2025,8,P,True,adm,15365
2025,8,P,True,deslig,12679
2025,8,Q,False,adm,6773
2025,8,Q,False,deslig,5493
2025,8,Q,True,adm,29193
2025,8,Q,True,deslig,27626
2025,8,R,False,adm,973
2025,8,R,False,deslig,718
2025,8,R,True,adm,4049
2025,8,R,True,deslig,3510
2025,8,S,False,adm,3381
2025,8,S,False,deslig,2605
2025,8,S,True,adm,9457
2025,8,S,True,deslig,9253
2025,8,T,False,adm,6
2025,8,T,True,adm,20
2025,8,T,True,deslig,16
2025,8,U,False,adm,1
2025,8,U,False,deslig,1
2025,8,U,True,adm,6
2025,8,U,True,deslig,6
2025,8,Z,True,deslig,1
2025,9,A,False,adm,639
2025,9,A,False,deslig,1127
2025,9,A,True,adm,15188
2025,9,A,True,deslig,15110
2025,9,B,False,adm,13
2025,9,B,False,deslig,8
2025,9,B,True,adm,348
2025,9,B,True,deslig,348
2025,9,C,False,adm,4074
2025,9,C,False,deslig,2962
2025,9,C,True,adm,82555
2025,9,C,True,deslig,77190
2025,9,D,False,adm,40
2025,9,D,False,deslig,13
2025,9,D,True,adm,325
2025,9,D,True,deslig,344
2025,9,E,False,adm,130
2025,9,E,False,deslig,88
2025,9,E,True,adm,4507
2025,9,E,True,deslig,4034
2025,9,F,False,adm,2579
2025,9,F,False,deslig,2035
2025,9,F,True,adm,56568
2025,9,F,True,deslig,53053
2025,9,G,False,adm,7270
2025,9,G,False,deslig,5514
2025,9,G,True,adm,146347
2025,9,G,True,deslig,143492
2025,9,H,False,adm,2898
2025,9,H,False,deslig,2773
2025,9,H,True,adm,41285
2025,9,H,True,deslig,34174
2025,9,I,False,adm,3628
2025,9,I,False,deslig,2582
2025,9,I,True,adm,42548
2025,9,I,True,deslig,39058
2025,9,J,False,adm,782
2025,9,J,False,deslig,1151
2025,9,J,True,adm,13387
2025,9,J,True,deslig,12799
2025,9,K,False,adm,728
2025,9,K,False,deslig,628
2025,9,K,True,adm,9118
2025,9,K,True,deslig,10070
2025,9,L,False,adm,74
2025,9,L,False,deslig,65
2025,9,L,True,adm,2011
2025,9,L,True,deslig,2042
2025,9,M,False,adm,2136
2025,9,M,False,deslig,1614
2025,9,M,True,adm,26759
2025,9,M,True,deslig,23550
2025,9,N,False,adm,76563
2025,9,N,False,deslig,67979
2025,9,N,True,adm,110506
2025,9,N,True,deslig,107232
2025,9,O,False,adm,1005
2025,9,O,False,deslig,753
2025,9,O,True,adm,1221
2025,9,O,True,deslig,1321
2025,9,P,False,adm,3516
2025,9,P,False,deslig,2713
2025,9,P,True,adm,13815
2025,9,P,True,deslig,11854
2025,9,Q,False,adm,7158
2025,9,Q,False,deslig,5632
2025,9,Q,True,adm,31100
2025,9,Q,True,deslig,28403
2025,9,R,False,adm,1003
2025,9,R,False,deslig,790
2025,9,R,True,adm,4045
2025,9,R,True,deslig,3642
2025,9,S,False,adm,2989
2025,9,S,False,deslig,2867
2025,9,S,True,adm,9402
2025,9,S,True,deslig,10201
2025,9,T,False,adm,1
2025,9,T,False,deslig,2
2025,9,T,True,adm,20
2025,9,T,True,deslig,20
2025,9,U,False,adm,1
2025,9,U,False,deslig,1
2025,9,U,True,adm,11
2025,9,U,True,deslig,7
2025,10,A,False,adm,1459
2025,10,A,False,deslig,2873
2025,10,A,True,adm,14614
2025,10,A,True,deslig,17594
2025,10,B,False,adm,26
2025,10,B,False,deslig,8
2025,10,B,True,adm,310
2025,10,B,True,deslig,371
2025,10,C,False,adm,3893
2025,10,C,False,deslig,3058
2025,10,C,True,adm,80271
2025,10,C,True,deslig,84456
2025,10,D,False,adm,23
2025,10,D,False,deslig,21
2025,10,D,True,adm,399
2025,10,D,True,deslig,362
2025,10,E,False,adm,119
2025,10,E,False,deslig,137
2025,10,E,True,adm,3611
2025,10,E,True,deslig,3599
2025,10,F,False,adm,2589
2025,10,F,False,deslig,1800
2025,10,F,True,adm,55544
2025,10,F,True,deslig,56727
2025,10,G,False,adm,7338
2025,10,G,False,deslig,5665
2025,10,G,True,adm,151029
2025,10,G,True,deslig,149547
2025,10,H,False,adm,3102
2025,10,H,False,deslig,2060
2025,10,H,True,adm,42271
2025,10,H,True,deslig,37601
2025,10,I,False,adm,3050
2025,10,I,False,deslig,2223
2025,10,I,True,adm,42097
2025,10,I,True,deslig,40494
2025,10,J,False,adm,1243
2025,10,J,False,deslig,1085
2025,10,J,True,adm,13159
2025,10,J,True,deslig,13709
2025,10,K,False,adm,672
2025,10,K,False,deslig,669
2025,10,K,True,adm,9631
2025,10,K,True,deslig,8889
2025,10,L,False,adm,117
2025,10,L,False,deslig,78
2025,10,L,True,adm,1950
2025,10,L,True,deslig,2065
2025,10,M,False,adm,2302
2025,10,M,False,deslig,1624
2025,10,M,True,adm,26224
2025,10,M,True,deslig,24153
2025,10,N,False,adm,85736
2025,10,N,False,deslig,73294
2025,10,N,True,adm,110139
2025,10,N,True,deslig,111091
2025,10,O,False,adm,613
2025,10,O,False,deslig,622
2025,10,O,True,adm,948
2025,10,O,True,deslig,1175
2025,10,P,False,adm,2679
2025,10,P,False,deslig,2258
2025,10,P,True,adm,11229
2025,10,P,True,deslig,10851
2025,10,Q,False,adm,6107
2025,10,Q,False,deslig,5280
2025,10,Q,True,adm,29972
2025,10,Q,True,deslig,28170
2025,10,R,False,adm,809
2025,10,R,False,deslig,866
2025,10,R,True,adm,4127
2025,10,R,True,deslig,3574
2025,10,S,False,adm,2538
2025,10,S,False,deslig,4017
2025,10,S,True,adm,9328
2025,10,S,True,deslig,10755
2025,10,T,False,adm,3
2025,10,T,False,deslig,2
2025,10,T,True,adm,23
2025,10,T,True,deslig,16
2025,10,U,False,adm,1
2025,10,U,False,deslig,1
2025,10,U,True,adm,8
2025,10,U,True,deslig,7
2025,11,A,False,adm,966
2025,11,A,False,deslig,1011
2025,11,A,True,adm,12266
2025,11,A,True,deslig,16767
2025,11,B,False,deslig,14
2025,11,B,True,adm,294
2025,11,B,True,deslig,301
2025,11,C,False,adm,3195
2025,11,C,False,deslig,2933
2025,11,C,True,adm,63754
2025,11,C,True,deslig,76971
2025,11,D,False,adm,36
2025,11,D,False,deslig,10
2025,11,D,True,adm,670
2025,11,D,True,deslig,309
2025,11,E,False,adm,73
2025,11,E,False,deslig,94
2025,11,E,True,adm,3192
2025,11,E,True,deslig,3061
2025,11,F,False,adm,2516
2025,11,F,False,deslig,1572
2025,11,F,True,adm,45721
2025,11,F,True,deslig,51343
2025,11,G,False,adm,8363
2025,11,G,False,deslig,5633
2025,11,G,True,adm,139912
2025,11,G,True,deslig,122196
2025,11,H,False,adm,2348
2025,11,H,False,deslig,1877
2025,11,H,True,adm,35809
2025,11,H,True,deslig,34658
2025,11,I,False,adm,2884
2025,11,I,False,deslig,1975
2025,11,I,True,adm,38964
2025,11,I,True,deslig,36494
2025,11,J,False,adm,719
2025,11,J,False,deslig,627
2025,11,J,True,adm,12467
2025,11,J,True,deslig,10717
2025,11,K,False,adm,551
2025,11,K,False,deslig,592
2025,11,K,True,adm,8630
2025,11,K,True,deslig,7972
2025,11,L,False,adm,57
2025,11,L,False,deslig,55
2025,11,L,True,adm,1756
2025,11,L,True,deslig,1753
2025,11,M,False,adm,2085
2025,11,M,False,deslig,1367
2025,11,M,True,adm,23581
2025,11,M,True,deslig,21630
2025,11,N,False,adm,89194
2025,11,N,False,deslig,68840
2025,11,N,True,adm,95523
2025,11,N,True,deslig,93991
2025,11,O,False,adm,440
2025,11,O,False,deslig,591
2025,11,O,True,adm,724
2025,11,O,True,deslig,838
2025,11,P,False,adm,1378
2025,11,P,False,deslig,2001
2025,11,P,True,adm,7574
2025,11,P,True,deslig,8788
2025,11,Q,False,adm,4498
2025,11,Q,False,deslig,4595
2025,11,Q,True,adm,26514
2025,11,Q,True,deslig,23369
2025,11,R,False,adm,698
2025,11,R,False,deslig,557
2025,11,R,True,adm,3830
2025,11,R,True,deslig,3219
2025,11,S,False,adm,1794
2025,11,S,False,deslig,2779
2025,11,S,True,adm,7682
2025,11,S,True,deslig,8057
2025,11,T,False,adm,2
2025,11,T,False,deslig,4
2025,11,T,True,adm,19
2025,11,T,True,deslig,10
2025,11,U,False,deslig,1
2025,11,U,True,adm,2
2025,11,U,True,deslig,3
2025,11,Z,True,deslig,2
2025,12,A,False,adm,538
2025,12,A,False,deslig,1368
2025,12,A,True,adm,8646
2025,12,A,True,deslig,18477
2025,12,B,False,adm,11
2025,12,B,False,deslig,48
2025,12,B,True,adm,189
2025,12,B,True,deslig,259
2025,12,C,False,adm,2199
2025,12,C,False,deslig,12875
2025,12,C,True,adm,38318
2025,12,C,True,deslig,69128
2025,12,D,False,adm,13
2025,12,D,False,deslig,67
2025,12,D,True,adm,282
2025,12,D,True,deslig,228
2025,12,E,False,adm,71
2025,12,E,False,deslig,281
2025,12,E,True,adm,2697
2025,12,E,True,deslig,3364
2025,12,F,False,adm,1766
2025,12,F,False,deslig,2288
2025,12,F,True,adm,29184
2025,12,F,True,deslig,50615
2025,12,G,False,adm,6447
2025,12,G,False,deslig,8469
2025,12,G,True,adm,109861
2025,12,G,True,deslig,127081
2025,12,H,False,adm,1891
2025,12,H,False,deslig,2569
2025,12,H,True,adm,26631
2025,12,H,True,deslig,37628
2025,12,I,False,adm,1475
2025,12,I,False,deslig,2426
2025,12,I,True,adm,30333
2025,12,I,True,deslig,41204
2025,12,J,False,adm,608
2025,12,J,False,deslig,676
2025,12,J,True,adm,9034
2025,12,J,True,deslig,10375
2025,12,K,False,adm,529
2025,12,K,False,deslig,489
2025,12,K,True,adm,6434
2025,12,K,True,deslig,7147
2025,12,L,False,adm,49
2025,12,L,False,deslig,107
2025,12,L,True,adm,1249
2025,12,L,True,deslig,1574
2025,12,M,False,adm,1301
2025,12,M,False,deslig,1692
2025,12,M,True,adm,16511
2025,12,M,True,deslig,21020
2025,12,N,False,adm,64281
2025,12,N,False,deslig,95223
2025,12,N,True,adm,80236
2025,12,N,True,deslig,92551
2025,12,O,False,adm,258
2025,12,O,False,deslig,9898
2025,12,O,True,adm,435
2025,12,O,True,deslig,4174
2025,12,P,False,adm,574
2025,12,P,False,deslig,11623
2025,12,P,True,adm,3445
2025,12,P,True,deslig,21862
2025,12,Q,False,adm,3922
2025,12,Q,False,deslig,6941
2025,12,Q,True,adm,23302
2025,12,Q,True,deslig,27151
2025,12,R,False,adm,587
2025,12,R,False,deslig,806
2025,12,R,True,adm,3049
2025,12,R,True,deslig,3529
2025,12,S,False,adm,1300
2025,12,S,False,deslig,3188
2025,12,S,True,adm,5693
2025,12,S,True,deslig,9218
2025,12,T,False,adm,2
2025,12,T,False,deslig,1
2025,12,T,True,adm,16
2025,12,T,True,deslig,25
2025,12,U,False,adm,5
2025,12,U,False,deslig,2
2025,12,U,True,adm,2
2025,12,U,True,deslig,8
2025,12,Z,True,deslig,1
2026,1,A,False,adm,737
2026,1,A,False,deslig,906
2026,1,A,True,adm,14529
2026,1,A,True,deslig,17695
2026,1,B,False,adm,75
2026,1,B,False,deslig,9
2026,1,B,True,adm,307
2026,1,B,True,deslig,318
2026,1,C,False,adm,11789
2026,1,C,False,deslig,3598
2026,1,C,True,adm,83416
2026,1,C,True,deslig,70334
2026,1,D,False,adm,26
2026,1,D,False,deslig,21
2026,1,D,True,adm,294
2026,1,D,True,deslig,300
2026,1,E,False,adm,109
2026,1,E,False,deslig,112
2026,1,E,True,adm,3336
2026,1,E,True,deslig,3132
2026,1,F,False,adm,3047
2026,1,F,False,deslig,2255
2026,1,F,True,adm,59993
2026,1,F,True,deslig,44851
2026,1,G,False,adm,4109
2026,1,G,False,deslig,6623
2026,1,G,True,adm,130387
2026,1,G,True,deslig,148550
2026,1,H,False,adm,2446
2026,1,H,False,deslig,2056
2026,1,H,True,adm,32568
2026,1,H,True,deslig,35931
2026,1,I,False,adm,1743
2026,1,I,False,deslig,2188
2026,1,I,True,adm,37314
2026,1,I,True,deslig,41750
2026,1,J,False,adm,577
2026,1,J,False,deslig,742
2026,1,J,True,adm,12011
2026,1,J,True,deslig,12383
2026,1,K,False,adm,706
2026,1,K,False,deslig,607
2026,1,K,True,adm,9052
2026,1,K,True,deslig,9221
2026,1,L,False,adm,69
2026,1,L,False,deslig,61
2026,1,L,True,adm,1988
2026,1,L,True,deslig,1923
2026,1,M,False,adm,1822
2026,1,M,False,deslig,1551
2026,1,M,True,adm,25055
2026,1,M,True,deslig,21725
2026,1,N,False,adm,72437
2026,1,N,False,deslig,71629
2026,1,N,True,adm,105994
2026,1,N,True,deslig,103822
2026,1,O,False,adm,898
2026,1,O,False,deslig,1510
2026,1,O,True,adm,1637
2026,1,O,True,deslig,2342
2026,1,P,False,adm,8918
2026,1,P,False,deslig,5386
2026,1,P,True,adm,15185
2026,1,P,True,deslig,13149
2026,1,Q,False,adm,5170
2026,1,Q,False,deslig,5331
2026,1,Q,True,adm,26688
2026,1,Q,True,deslig,25824
2026,1,R,False,adm,997
2026,1,R,False,deslig,793
2026,1,R,True,adm,4485
2026,1,R,True,deslig,3913
2026,1,S,False,adm,2521
2026,1,S,False,deslig,2793
2026,1,S,True,adm,8102
2026,1,S,True,deslig,8759
2026,1,T,False,adm,2
2026,1,T,True,adm,17
2026,1,T,True,deslig,11
2026,1,U,False,adm,3
2026,1,U,True,adm,5
2026,1,U,True,deslig,9
2026,2,A,False,adm,1210
2026,2,A,False,deslig,843
2026,2,A,True,adm,16830
2026,2,A,True,deslig,21553
2026,2,B,False,adm,47
2026,2,B,False,deslig,9
2026,2,B,True,adm,283
2026,2,B,True,deslig,375
2026,2,C,False,adm,7420
2026,2,C,False,deslig,3350
2026,2,C,True,adm,85464
2026,2,C,True,deslig,80192
2026,2,D,False,adm,15
2026,2,D,False,deslig,19
2026,2,D,True,adm,275
2026,2,D,True,deslig,382
2026,2,E,False,adm,323
2026,2,E,False,deslig,120
2026,2,E,True,adm,3674
2026,2,E,True,deslig,3321
2026,2,F,False,adm,3132
2026,2,F,False,deslig,1819
2026,2,F,True,adm,58212
2026,2,F,True,deslig,50049
2026,2,G,False,adm,6166
2026,2,G,False,deslig,5562
2026,2,G,True,adm,147395
2026,2,G,True,deslig,140880
2026,2,H,False,adm,3255
2026,2,H,False,deslig,2185
2026,2,H,True,adm,42975
2026,2,H,True,deslig,35573
2026,2,I,False,adm,4227
2026,2,I,False,deslig,2080
2026,2,I,True,adm,48487
2026,2,I,True,deslig,39996
2026,2,J,False,adm,811
2026,2,J,False,deslig,661
2026,2,J,True,adm,11711
2026,2,J,True,deslig,12134
2026,2,K,False,adm,512
2026,2,K,False,deslig,593
2026,2,K,True,adm,8459
2026,2,K,True,deslig,8328
2026,2,L,False,adm,57
2026,2,L,False,deslig,83
2026,2,L,True,adm,2007
2026,2,L,True,deslig,2091
2026,2,M,False,adm,2031
2026,2,M,False,deslig,1442
2026,2,M,True,adm,24876
2026,2,M,True,deslig,23064
2026,2,N,False,adm,74561
2026,2,N,False,deslig,66850
2026,2,N,True,adm,111233
2026,2,N,True,deslig,100691
2026,2,O,False,adm,7098
2026,2,O,False,deslig,1196
2026,2,O,True,adm,4204
2026,2,O,True,deslig,1455
2026,2,P,False,adm,10118
2026,2,P,False,deslig,4681
2026,2,P,True,adm,20967
2026,2,P,True,deslig,13272
2026,2,Q,False,adm,7291
2026,2,Q,False,deslig,5402
2026,2,Q,True,adm,33129
2026,2,Q,True,deslig,27340
2026,2,R,False,adm,1015
2026,2,R,False,deslig,864
2026,2,R,True,adm,4752
2026,2,R,True,deslig,3858
2026,2,S,False,adm,3946
2026,2,S,False,deslig,2711
2026,2,S,True,adm,11872
2026,2,S,True,deslig,9115
2026,2,T,False,adm,4
2026,2,T,False,deslig,2
2026,2,T,True,adm,18
2026,2,T,True,deslig,22
2026,2,U,False,adm,1
2026,2,U,True,adm,10
2026,2,U,True,deslig,11
2026,2,Z,True,adm,1
2026,2,Z,True,deslig,4
2026,3,A,False,adm,1115
2026,3,A,False,deslig,555
2026,3,A,True,adm,20143
2026,3,A,True,deslig,24850
2026,3,B,False,adm,22
2026,3,B,False,deslig,13
2026,3,B,True,adm,350
2026,3,B,True,deslig,353
2026,3,C,False,adm,4714
2026,3,C,False,deslig,4004
2026,3,C,True,adm,95940
2026,3,C,True,deslig,89276
2026,3,D,False,adm,29
2026,3,D,False,deslig,26
2026,3,D,True,adm,353
2026,3,D,True,deslig,387
2026,3,E,False,adm,157
2026,3,E,False,deslig,125
2026,3,E,True,adm,4033
2026,3,E,True,deslig,3217
2026,3,F,False,adm,2842
2026,3,F,False,deslig,2350
2026,3,F,True,adm,60354
2026,3,F,True,deslig,51251
2026,3,G,False,adm,7174
2026,3,G,False,deslig,6068
2026,3,G,True,adm,157623
2026,3,G,True,deslig,153973
2026,3,H,False,adm,2639
2026,3,H,False,deslig,2561
2026,3,H,True,adm,50427
2026,3,H,True,deslig,35867
2026,3,I,False,adm,3315
2026,3,I,False,deslig,2357
2026,3,I,True,adm,47432
2026,3,I,True,deslig,44539
2026,3,J,False,adm,1053
2026,3,J,False,deslig,774
2026,3,J,True,adm,13887
2026,3,J,True,deslig,13501
2026,3,K,False,adm,646
2026,3,K,False,deslig,766
2026,3,K,True,adm,10425
2026,3,K,True,deslig,9924
2026,3,L,False,adm,107
2026,3,L,False,deslig,85
2026,3,L,True,adm,2424
2026,3,L,True,deslig,2203
2026,3,M,False,adm,2076
2026,3,M,False,deslig,1650
2026,3,M,True,adm,27635
2026,3,M,True,deslig,24744
2026,3,N,False,adm,80894
2026,3,N,False,deslig,73266
2026,3,N,True,adm,117929
2026,3,N,True,deslig,111032
2026,3,O,False,adm,3511
2026,3,O,False,deslig,1364
2026,3,O,True,adm,2054
2026,3,O,True,deslig,1724
2026,3,P,False,adm,6205
2026,3,P,False,deslig,3762
2026,3,P,True,adm,16507
2026,3,P,True,deslig,14885
2026,3,Q,False,adm,7059
2026,3,Q,False,deslig,7582
2026,3,Q,True,adm,33193
2026,3,Q,True,deslig,28950
2026,3,R,False,adm,1228
2026,3,R,False,deslig,983
2026,3,R,True,adm,4911
2026,3,R,True,deslig,4499
2026,3,S,False,adm,3264
2026,3,S,False,deslig,2739
2026,3,S,True,adm,10590
2026,3,S,True,deslig,10170
2026,3,T,False,adm,4
2026,3,T,False,deslig,5
2026,3,T,True,adm,30
2026,3,T,True,deslig,27
2026,3,U,True,adm,5
2026,3,U,True,deslig,16
2026,4,A,False,adm,1104
2026,4,A,False,deslig,677
2026,4,A,True,adm,19070
2026,4,A,True,deslig,18486
2026,4,B,False,adm,21
2026,4,B,False,deslig,15
2026,4,B,True,adm,365
2026,4,B,True,deslig,341
2026,4,C,False,adm,4744
2026,4,C,False,deslig,3393
2026,4,C,True,adm,86586
2026,4,C,True,deslig,85769
2026,4,D,False,adm,38
2026,4,D,False,deslig,23
2026,4,D,True,adm,405
2026,4,D,True,deslig,358
2026,4,E,False,adm,104
2026,4,E,False,deslig,106
2026,4,E,True,adm,3838
2026,4,E,True,deslig,3566
2026,4,F,False,adm,2152
2026,4,F,False,deslig,1867
2026,4,F,True,adm,53378
2026,4,F,True,deslig,51630
2026,4,G,False,adm,6576
2026,4,G,False,deslig,5436
2026,4,G,True,adm,143901
2026,4,G,True,deslig,150806
2026,4,H,False,adm,2530
2026,4,H,False,deslig,2038
2026,4,H,True,adm,48739
2026,4,H,True,deslig,40580
2026,4,I,False,adm,2545
2026,4,I,False,deslig,1996
2026,4,I,True,adm,42843
2026,4,I,True,deslig,42306
2026,4,J,False,adm,939
2026,4,J,False,deslig,911
2026,4,J,True,adm,12861
2026,4,J,True,deslig,13263
2026,4,K,False,adm,712
2026,4,K,False,deslig,648
2026,4,K,True,adm,9837
2026,4,K,True,deslig,10162
2026,4,L,False,adm,72
2026,4,L,False,deslig,80
2026,4,L,True,adm,2205
2026,4,L,True,deslig,2059
2026,4,M,False,adm,2011
2026,4,M,False,deslig,1742
2026,4,M,True,adm,24976
2026,4,M,True,deslig,24411
2026,4,N,False,adm,66573
2026,4,N,False,deslig,70001
2026,4,N,True,adm,111226
2026,4,N,True,deslig,105867
2026,4,O,False,adm,1334
2026,4,O,False,deslig,1024
2026,4,O,True,adm,1446
2026,4,O,True,deslig,1210
2026,4,P,False,adm,3985
2026,4,P,False,deslig,3211
2026,4,P,True,adm,13845
2026,4,P,True,deslig,13195
2026,4,Q,False,adm,6402
2026,4,Q,False,deslig,5334
2026,4,Q,True,adm,32934
2026,4,Q,True,deslig,28815
2026,4,R,False,adm,1043
2026,4,R,False,deslig,845
2026,4,R,True,adm,4439
2026,4,R,True,deslig,4184
2026,4,S,False,adm,2620
2026,4,S,False,deslig,2278
2026,4,S,True,adm,9697
2026,4,S,True,deslig,9268
2026,4,T,False,adm,4
2026,4,T,False,deslig,1
2026,4,T,True,adm,19
2026,4,T,True,deslig,20
2026,4,U,False,adm,1
2026,4,U,False,deslig,2
2026,4,U,True,adm,11
2026,4,U,True,deslig,5
